-- MySQL dump 10.13  Distrib 5.5.55, for Linux (x86_64)
--
-- Host: localhost    Database: chess_sysdata
-- ------------------------------------------------------
-- Server version	5.5.55

/*!40101 SET @OLD_CHARACTER_SET_CLIENT=@@CHARACTER_SET_CLIENT */;
/*!40101 SET @OLD_CHARACTER_SET_RESULTS=@@CHARACTER_SET_RESULTS */;
/*!40101 SET @OLD_COLLATION_CONNECTION=@@COLLATION_CONNECTION */;
/*!40101 SET NAMES utf8 */;
/*!40103 SET @OLD_TIME_ZONE=@@TIME_ZONE */;
/*!40103 SET TIME_ZONE='+00:00' */;
/*!40014 SET @OLD_UNIQUE_CHECKS=@@UNIQUE_CHECKS, UNIQUE_CHECKS=0 */;
/*!40014 SET @OLD_FOREIGN_KEY_CHECKS=@@FOREIGN_KEY_CHECKS, FOREIGN_KEY_CHECKS=0 */;
/*!40101 SET @OLD_SQL_MODE=@@SQL_MODE, SQL_MODE='NO_AUTO_VALUE_ON_ZERO' */;
/*!40111 SET @OLD_SQL_NOTES=@@SQL_NOTES, SQL_NOTES=0 */;

--
-- Table structure for table `activity_notice`
--

DROP TABLE IF EXISTS `activity_notice`;
/*!40101 SET @saved_cs_client     = @@character_set_client */;
/*!40101 SET character_set_client = utf8 */;
CREATE TABLE `activity_notice` (
  `id` int(11) NOT NULL AUTO_INCREMENT,
  `type` tinyint(4) NOT NULL DEFAULT '1' COMMENT '1-活动公告,2-系统公告',
  `title` varchar(50) NOT NULL DEFAULT '' COMMENT '标题',
  `notice_url` varchar(512) NOT NULL DEFAULT '' COMMENT '公告图片url',
  `detail_url` varchar(512) NOT NULL DEFAULT '' COMMENT '活动详情跳转url',
  `content` varchar(4096) NOT NULL COMMENT '内容',
  `show_now` tinyint(4) NOT NULL DEFAULT '0' COMMENT '登录时弹出的公告, 0-普通,不弹，1-每次登录弹,2-每天首次登录弹',
  `status` tinyint(4) NOT NULL DEFAULT '0' COMMENT '此公告的状态(0正常,1下架)',
  `publish_time` int(11) NOT NULL DEFAULT '0' COMMENT '公告时间',
  `expire_time` int(11) NOT NULL DEFAULT '0' COMMENT '过期时间',
  `modify_time` int(11) NOT NULL DEFAULT '0' COMMENT '最后修改时间',
  `create_time` int(11) NOT NULL DEFAULT '0' COMMENT '创建时间',
  PRIMARY KEY (`id`),
  KEY `publish` (`publish_time`) USING BTREE,
  KEY `create` (`create_time`) USING BTREE,
  KEY `expire` (`expire_time`),
  KEY `type` (`type`),
  KEY `status` (`status`),
  KEY `modify_time` (`modify_time`)
) ENGINE=InnoDB AUTO_INCREMENT=72 DEFAULT CHARSET=utf8 ROW_FORMAT=COMPACT;
/*!40101 SET character_set_client = @saved_cs_client */;

--
-- Dumping data for table `activity_notice`
--

LOCK TABLES `activity_notice` WRITE;
/*!40000 ALTER TABLE `activity_notice` DISABLE KEYS */;
INSERT INTO `activity_notice` VALUES (13,1,'小胜游戏','platform/internal_test/notice/15228076511.jpg','','庆   元宵，欢聚小胜游戏，\n大家一起打牌了，就有机会获得游戏大奖',0,0,1521883680,1523724600,1522807652,1519353278),(63,2,'健康游戏忠告','platform/internal_test/notice/15228075881.jpg','','亲爱的玩家，大家好：\n       10月31日10:00——11月1日10:00，所有等级≥80级的玩家（转生不受等级限制）可到洛阳（155,136）节日使者红蓓处领取10月31日万圣节节日礼包奖励！\n\n       奖励内容：四宝念珠*1、融雪符*2、15天金玉满堂坐骑*1及大量经验。（奖励均为绑定物品）\n\n\n                                                                                              小胜棋牌运营团队\n                                                                                                  2016-10-28',0,0,1522213200,1523170500,1522807608,1522214682),(64,2,'跑得快上线','platform/internal_test/notice/15228075471.jpg','','没事啊，就是想发一下',0,0,1522408500,1523170500,1522807565,1522408713),(65,1,'健康游戏','','http://down.xshuqipai.com/notice/healthGame1.html','',0,0,1523703000,1543593600,1525261511,1523703323),(66,2,'绿色健康游戏','','http://down.xshuqipai.com/notice/healthGame.html','',0,0,1523881200,1577808000,1526701495,1523881318),(67,1,'健康','','http://down.xshuqipai.com/admin/notice/healthGame.html','',0,0,1523454900,1525104000,1524041766,1523929695),(69,2,'防沉迷','','http://down.xshuqipai.com/admin/notice/healthGame.html','',0,0,1523454900,1525104000,1524041754,1524040195),(70,2,'新的亮点','platform/internal_test/notice/15277593902289435691.jpg','','',0,0,1523881200,1577808000,1527759391,1525266290),(71,2,'健康游戏','platform/internal_test/notice/15277593832052398891.png','','',0,0,1526899800,1577808000,1527759385,1526899871);
/*!40000 ALTER TABLE `activity_notice` ENABLE KEYS */;
UNLOCK TABLES;

--
-- Table structure for table `agent_notice`
--

DROP TABLE IF EXISTS `agent_notice`;
/*!40101 SET @saved_cs_client     = @@character_set_client */;
/*!40101 SET character_set_client = utf8 */;
CREATE TABLE `agent_notice` (
  `id` int(11) NOT NULL AUTO_INCREMENT COMMENT '招募代理公告自增id',
  `game_id` int(11) NOT NULL DEFAULT '0' COMMENT '游戏id',
  `content` varchar(512) NOT NULL DEFAULT '' COMMENT '内容',
  `modify_time` int(11) NOT NULL DEFAULT '0' COMMENT '最后修改时间',
  `create_time` int(11) NOT NULL DEFAULT '0' COMMENT '创建时间',
  PRIMARY KEY (`id`),
  UNIQUE KEY `game_id` (`game_id`),
  KEY `create` (`create_time`) USING BTREE
) ENGINE=InnoDB AUTO_INCREMENT=5 DEFAULT CHARSET=utf8 ROW_FORMAT=COMPACT COMMENT='每款游戏只有一份代理公告';
/*!40101 SET character_set_client = @saved_cs_client */;

--
-- Dumping data for table `agent_notice`
--

LOCK TABLES `agent_notice` WRITE;
/*!40000 ALTER TABLE `agent_notice` DISABLE KEYS */;
INSERT INTO `agent_notice` VALUES (1,-1,'dddddddddd',1524473469,1524102502),(3,6001,'快点斗牛了',1524104318,1521893592),(4,8001,'快来玩三公了',1524038199,1521893439);
/*!40000 ALTER TABLE `agent_notice` ENABLE KEYS */;
UNLOCK TABLES;

--
-- Table structure for table `app_version`
--

DROP TABLE IF EXISTS `app_version`;
/*!40101 SET @saved_cs_client     = @@character_set_client */;
/*!40101 SET character_set_client = utf8 */;
CREATE TABLE `app_version` (
  `id` int(11) NOT NULL AUTO_INCREMENT COMMENT 'app版本自增id',
  `type` tinyint(4) NOT NULL DEFAULT '1' COMMENT '1-安卓版本,2-苹果版本',
  `download_url` varchar(128) NOT NULL DEFAULT '' COMMENT '下载地址',
  `change_log` varchar(4096) NOT NULL DEFAULT '' COMMENT '变动说明',
  `version` varchar(16) NOT NULL DEFAULT '' COMMENT '版本号',
  `status` tinyint(4) NOT NULL DEFAULT '0' COMMENT '此版本的APP, 1-上架，0-下架',
  `modify_time` int(11) NOT NULL DEFAULT '0' COMMENT '更新时间',
  `create_time` int(11) NOT NULL DEFAULT '0' COMMENT '创建时间',
  PRIMARY KEY (`id`),
  KEY `status` (`status`)
) ENGINE=InnoDB AUTO_INCREMENT=6 DEFAULT CHARSET=utf8 COMMENT='APP版本控制';
/*!40101 SET character_set_client = @saved_cs_client */;

--
-- Dumping data for table `app_version`
--

LOCK TABLES `app_version` WRITE;
/*!40000 ALTER TABLE `app_version` DISABLE KEYS */;
INSERT INTO `app_version` VALUES (5,1,'http://down.xshuqipai.com/client/apk/xshuqipai_201804292135.apk','无','1.0.0.13',1,0,1525009525);
/*!40000 ALTER TABLE `app_version` ENABLE KEYS */;
UNLOCK TABLES;

--
-- Table structure for table `area_game_list`
--

DROP TABLE IF EXISTS `area_game_list`;
/*!40101 SET @saved_cs_client     = @@character_set_client */;
/*!40101 SET character_set_client = utf8 */;
CREATE TABLE `area_game_list` (
  `id` int(11) NOT NULL AUTO_INCREMENT COMMENT '区域游戏列表id',
  `city_code` int(6) NOT NULL DEFAULT '0' COMMENT '游戏所属城市',
  `district_code` int(6) NOT NULL DEFAULT '0' COMMENT '游戏所属区或县',
  `position` smallint(4) NOT NULL DEFAULT '9999' COMMENT '游戏排序,1,2,3,4,5,6,7,8........,  9999表示默认排序',
  `game_id` int(11) NOT NULL DEFAULT '0' COMMENT '游戏id,对应的是game_list的game_id',
  PRIMARY KEY (`id`),
  KEY `city_position` (`city_code`,`position`) USING BTREE,
  KEY `game_id` (`game_id`) USING BTREE
) ENGINE=InnoDB AUTO_INCREMENT=5431 DEFAULT CHARSET=utf8 COMMENT='区域游戏列表';
/*!40101 SET character_set_client = @saved_cs_client */;

--
-- Dumping data for table `area_game_list`
--

LOCK TABLES `area_game_list` WRITE;
/*!40000 ALTER TABLE `area_game_list` DISABLE KEYS */;
INSERT INTO `area_game_list` VALUES (14,120001,0,1,2006),(26,120001,0,9999,4005),(30,110000,0,1,13004),(31,110000,0,2,13006),(32,110000,0,3,13007),(33,110000,0,4,2006),(34,999999,0,2,13004),(35,130100,0,9999,13004),(39,110100,0,2,13004),(43,120001,0,1,13004),(44,120001,0,3,13007),(47,130100,0,9999,2006),(48,130100,0,9999,2006),(49,130100,0,9999,2006),(50,110100,0,6,13007),(52,110100,0,12,13006),(70,120001,0,123,2001),(73,120001,0,123,3006),(75,540100,0,9999,2001),(76,540100,0,9999,2001),(77,540100,0,9999,2001),(78,540100,0,9999,2001),(79,540100,0,9999,2001),(80,540100,0,9999,2001),(81,540100,0,9999,2001),(82,540100,0,9999,2001),(83,540100,0,9999,2001),(84,540100,0,9999,2001),(85,540100,0,9999,2001),(86,540100,0,9999,2001),(87,540100,0,9999,2001),(88,540100,0,9999,2001),(89,540100,0,9999,2001),(90,540100,0,9999,2001),(91,540100,0,9999,2001),(92,540100,0,9999,2001),(93,540100,0,9999,2001),(94,540100,0,9999,2001),(95,540100,0,9999,2001),(96,540100,0,9999,2001),(97,540100,0,9999,2001),(98,540100,0,9999,2001),(99,540100,0,9999,2001),(100,540100,0,9999,2001),(101,540100,0,9999,2001),(102,540100,0,9999,2001),(103,540100,0,9999,2001),(104,540100,0,9999,2001),(105,540100,0,9999,2001),(106,540100,0,9999,2001),(107,540100,0,9999,2001),(108,540100,0,9999,2001),(109,540100,0,9999,2001),(110,540100,0,9999,2001),(111,540100,0,9999,2001),(112,540100,0,9999,2001),(113,540100,0,9999,2001),(114,540100,0,9999,2001),(115,540100,0,9999,2001),(116,540100,0,9999,2001),(117,540100,0,9999,2001),(118,540100,0,9999,2001),(119,540100,0,9999,2001),(120,540100,0,9999,2001),(121,540100,0,9999,2001),(122,540100,0,9999,2001),(123,540100,0,9999,2001),(124,540100,0,9999,2001),(125,540100,0,9999,2001),(126,540100,0,9999,2001),(127,540100,0,9999,2001),(128,540100,0,9999,2001),(129,540100,0,9999,2001),(130,540100,0,9999,2001),(131,540100,0,9999,2001),(132,540100,0,9999,2001),(133,540100,0,9999,2001),(134,540100,0,9999,2001),(135,540100,0,9999,2001),(136,540100,0,9999,2001),(137,540100,0,9999,2001),(138,540100,0,9999,2001),(139,540100,0,9999,2001),(140,540100,0,9999,2001),(141,540100,0,9999,2001),(142,540100,0,9999,2001),(143,540100,0,9999,2001),(144,540100,0,9999,2001),(145,540100,0,9999,2001),(146,540100,0,9999,2001),(147,540100,0,9999,2001),(148,540100,0,9999,2001),(149,540100,0,9999,2001),(150,540100,0,9999,2001),(151,540100,0,9999,2001),(152,540100,0,9999,2001),(153,540100,0,9999,2001),(154,540100,0,9999,2001),(155,540100,0,9999,2001),(156,540100,0,9999,2001),(157,540100,0,9999,2001),(158,540100,0,9999,2001),(159,540100,0,9999,2001),(160,540100,0,9999,2001),(161,540100,0,9999,2001),(162,540100,0,9999,2001),(163,540100,0,9999,2001),(164,540100,0,9999,2001),(165,540100,0,9999,2001),(166,540100,0,9999,2001),(167,540100,0,9999,2001),(168,540100,0,9999,2001),(169,540100,0,9999,2001),(170,540100,0,9999,2001),(171,540100,0,9999,2001),(172,540100,0,9999,2001),(173,540100,0,9999,2001),(174,540100,0,9999,2001),(175,540100,0,9999,2001),(176,540100,0,9999,2001),(177,540100,0,9999,2001),(178,540100,0,9999,2001),(179,540100,0,9999,2001),(180,540100,0,9999,2001),(181,540100,0,9999,2001),(182,540100,0,9999,2001),(183,540100,0,9999,2001),(184,540100,0,9999,2001),(185,540100,0,9999,2001),(186,540100,0,9999,2001),(187,540100,0,9999,2001),(188,540100,0,9999,2001),(189,540100,0,9999,2001),(190,540100,0,9999,2001),(191,540100,0,9999,2001),(192,540100,0,9999,2001),(193,540100,0,9999,2001),(194,540100,0,9999,2001),(195,540100,0,9999,2001),(196,540100,0,9999,2001),(197,540100,0,9999,2001),(198,540100,0,9999,2001),(199,540100,0,9999,2001),(200,540100,0,9999,2001),(201,540100,0,9999,2001),(202,540100,0,9999,2001),(203,540100,0,9999,2001),(204,540100,0,9999,2001),(205,540100,0,9999,2001),(206,540100,0,9999,2001),(207,540100,0,9999,2001),(208,540100,0,9999,2001),(209,540100,0,9999,2001),(210,540100,0,9999,2001),(211,540100,0,9999,2001),(212,540100,0,9999,2001),(213,540100,0,9999,2001),(214,540100,0,9999,2001),(215,540100,0,9999,2001),(216,540100,0,9999,2001),(217,540100,0,9999,2001),(218,540100,0,9999,2001),(219,540100,0,9999,2001),(220,540100,0,9999,2001),(221,540100,0,9999,2001),(222,540100,0,9999,2001),(223,540100,0,9999,2001),(224,540100,0,9999,2001),(225,540100,0,9999,2001),(226,540100,0,9999,2001),(227,540100,0,9999,2001),(228,540100,0,9999,2001),(229,540100,0,9999,2001),(230,540100,0,9999,2001),(231,540100,0,9999,2001),(232,540100,0,9999,2001),(233,540100,0,9999,2001),(234,540100,0,9999,2001),(235,540100,0,9999,2001),(236,540100,0,9999,2001),(237,540100,0,9999,2001),(238,540100,0,9999,2001),(239,540100,0,9999,2001),(240,540100,0,9999,2001),(241,540100,0,9999,2001),(242,540100,0,9999,2001),(243,540100,0,9999,2001),(244,540100,0,9999,2001),(245,540100,0,9999,2001),(246,540100,0,9999,2001),(247,540100,0,9999,2001),(248,540100,0,9999,2001),(249,540100,0,9999,2001),(250,540100,0,9999,2001),(251,540100,0,9999,2001),(252,540100,0,9999,2001),(253,540100,0,9999,2001),(254,540100,0,9999,2001),(255,540100,0,9999,2001),(256,540100,0,9999,2001),(257,540100,0,9999,2001),(258,540100,0,9999,2001),(259,540100,0,9999,2001),(260,540100,0,9999,2001),(261,540100,0,9999,2001),(262,540100,0,9999,2001),(263,540100,0,9999,2001),(264,540100,0,9999,2001),(265,540100,0,9999,2001),(266,540100,0,9999,2001),(267,540100,0,9999,2001),(268,540100,0,9999,2001),(269,540100,0,9999,2001),(270,540100,0,9999,2001),(271,540100,0,9999,2001),(272,540100,0,9999,2001),(273,540100,0,9999,2001),(274,540100,0,9999,2001),(275,540100,0,9999,2001),(276,540100,0,9999,2001),(277,540100,0,9999,2001),(278,540100,0,9999,2001),(279,540100,0,9999,2001),(280,540100,0,9999,2001),(281,540100,0,9999,2001),(282,540100,0,9999,2001),(283,540100,0,9999,2001),(284,540100,0,9999,2001),(285,540100,0,9999,2001),(286,540100,0,9999,2001),(287,540100,0,9999,2001),(288,540100,0,9999,2001),(289,540100,0,9999,2001),(290,540100,0,9999,2001),(291,540100,0,9999,2001),(292,540100,0,9999,2001),(293,540100,0,9999,2001),(294,540100,0,9999,2001),(295,540100,0,9999,2001),(296,540100,0,9999,2001),(297,540100,0,9999,2001),(298,540100,0,9999,2001),(299,540100,0,9999,2001),(300,540100,0,9999,2001),(301,540100,0,9999,2001),(302,540100,0,9999,2001),(303,540100,0,9999,2001),(304,540100,0,9999,2001),(305,540100,0,9999,2001),(306,540100,0,9999,2001),(307,540100,0,9999,2001),(308,540100,0,9999,2001),(309,540100,0,9999,2001),(310,540100,0,9999,2001),(311,540100,0,9999,2001),(312,540100,0,9999,2001),(313,540100,0,9999,2001),(314,540100,0,9999,2001),(315,540100,0,9999,2001),(316,540100,0,9999,2001),(317,540100,0,9999,2001),(318,540100,0,9999,2001),(319,540100,0,9999,2001),(320,540100,0,9999,2001),(321,540100,0,9999,2001),(322,540100,0,9999,2001),(323,540100,0,9999,2001),(324,540100,0,9999,2001),(325,540100,0,9999,2001),(326,540100,0,9999,2001),(327,540100,0,9999,2001),(328,540100,0,9999,2001),(329,540100,0,9999,2001),(330,540100,0,9999,2001),(331,540100,0,9999,2001),(332,540100,0,9999,2001),(333,540100,0,9999,2001),(334,540100,0,9999,2001),(335,540100,0,9999,2001),(336,540100,0,9999,2001),(337,540100,0,9999,2001),(338,540100,0,9999,2001),(339,540100,0,9999,2001),(340,540100,0,9999,2001),(341,540100,0,9999,2001),(342,540100,0,9999,2001),(343,540100,0,9999,2001),(344,540100,0,9999,2001),(345,540100,0,9999,2001),(346,540100,0,9999,2001),(347,540100,0,9999,2001),(348,540100,0,9999,2001),(349,540100,0,9999,2001),(350,540100,0,9999,2001),(351,540100,0,9999,2001),(352,540100,0,9999,2001),(353,540100,0,9999,2001),(354,540100,0,9999,2001),(355,540100,0,9999,2001),(356,540100,0,9999,2001),(357,540100,0,9999,2001),(358,540100,0,9999,2001),(359,540100,0,9999,2001),(360,540100,0,9999,2001),(361,540100,0,9999,2001),(362,540100,0,9999,2001),(363,540100,0,9999,2001),(364,540100,0,9999,2001),(365,540100,0,9999,2001),(366,540100,0,9999,2001),(367,540100,0,9999,2001),(368,540100,0,9999,2001),(369,540100,0,9999,2001),(370,540100,0,9999,2001),(371,540100,0,9999,2001),(372,540100,0,9999,2001),(373,540100,0,9999,2001),(374,540100,0,9999,2001),(375,540100,0,9999,2001),(376,540100,0,9999,2001),(377,540100,0,9999,2001),(378,540100,0,9999,2001),(379,540100,0,9999,2001),(380,540100,0,9999,2001),(381,540100,0,9999,2001),(382,540100,0,9999,2001),(383,540100,0,9999,2001),(384,540100,0,9999,2001),(385,540100,0,9999,2001),(386,540100,0,9999,2001),(387,540100,0,9999,2001),(388,540100,0,9999,2001),(389,540100,0,9999,2001),(390,540100,0,9999,2001),(391,540100,0,9999,2001),(392,540100,0,9999,2001),(393,540100,0,9999,2001),(394,540100,0,9999,2001),(395,540100,0,9999,2001),(396,540100,0,9999,2001),(397,540100,0,9999,2001),(398,540100,0,9999,2001),(399,540100,0,9999,2001),(400,540100,0,9999,2001),(401,540100,0,9999,2001),(402,540100,0,9999,2001),(403,540100,0,9999,2001),(404,540100,0,9999,2001),(405,540100,0,9999,2001),(406,540100,0,9999,2001),(407,540100,0,9999,2001),(408,540100,0,9999,2001),(409,540100,0,9999,2001),(410,540100,0,9999,2001),(411,540100,0,9999,2001),(412,540100,0,9999,2001),(413,540100,0,9999,2001),(414,540100,0,9999,2001),(415,540100,0,9999,2001),(416,540100,0,9999,2001),(418,0,0,9999,6001),(419,0,0,9999,6001),(420,0,0,9999,6001),(421,0,0,9999,6001),(422,0,0,9999,6001),(423,0,0,9999,6001),(424,0,0,9999,6001),(425,0,0,9999,6001),(426,0,0,9999,6001),(427,0,0,9999,6001),(428,0,0,9999,6001),(429,0,0,9999,6001),(430,0,0,9999,6001),(431,0,0,9999,6001),(432,0,0,9999,6001),(433,0,0,9999,6001),(434,0,0,9999,6001),(435,0,0,9999,6001),(436,0,0,9999,6001),(437,0,0,9999,6001),(438,0,0,9999,6001),(439,0,0,9999,6001),(440,0,0,9999,6001),(441,0,0,9999,6001),(442,0,0,9999,6001),(443,0,0,9999,6001),(444,0,0,9999,6001),(445,0,0,9999,6001),(446,0,0,9999,6001),(447,0,0,9999,6001),(448,0,0,9999,6001),(449,0,0,9999,6001),(450,0,0,9999,6001),(451,0,0,9999,6001),(452,0,0,9999,6001),(453,0,0,9999,6001),(454,0,0,9999,6001),(455,0,0,9999,6001),(456,0,0,9999,6001),(457,0,0,9999,6001),(458,0,0,9999,6001),(459,0,0,9999,6001),(460,0,0,9999,6001),(461,0,0,9999,6001),(462,0,0,9999,6001),(463,0,0,9999,6001),(464,0,0,9999,6001),(465,0,0,9999,6001),(466,0,0,9999,6001),(467,0,0,9999,6001),(468,0,0,9999,6001),(469,0,0,9999,6001),(470,0,0,9999,6001),(471,0,0,9999,6001),(472,0,0,9999,6001),(473,0,0,9999,6001),(474,0,0,9999,6001),(475,0,0,9999,6001),(476,0,0,9999,6001),(477,0,0,9999,6001),(478,0,0,9999,6001),(479,0,0,9999,6001),(480,0,0,9999,6001),(481,0,0,9999,6001),(482,0,0,9999,6001),(483,0,0,9999,6001),(484,0,0,9999,6001),(485,0,0,9999,6001),(486,0,0,9999,6001),(487,0,0,9999,6001),(488,0,0,9999,6001),(489,0,0,9999,6001),(490,0,0,9999,6001),(491,0,0,9999,6001),(492,0,0,9999,6001),(493,0,0,9999,6001),(494,0,0,9999,6001),(495,0,0,9999,6001),(496,0,0,9999,6001),(497,0,0,9999,6001),(498,0,0,9999,6001),(499,0,0,9999,6001),(500,0,0,9999,6001),(501,0,0,9999,6001),(502,0,0,9999,6001),(503,0,0,9999,6001),(504,0,0,9999,6001),(505,0,0,9999,6001),(506,0,0,9999,6001),(507,0,0,9999,6001),(508,0,0,9999,6001),(509,0,0,9999,6001),(510,0,0,9999,6001),(511,0,0,9999,6001),(512,0,0,9999,6001),(513,0,0,9999,6001),(514,0,0,9999,6001),(515,0,0,9999,6001),(516,0,0,9999,6001),(517,0,0,9999,6001),(518,0,0,9999,6001),(519,0,0,9999,6001),(520,0,0,9999,6001),(521,0,0,9999,6001),(522,0,0,9999,6001),(523,0,0,9999,6001),(524,0,0,9999,6001),(525,0,0,9999,6001),(526,0,0,9999,6001),(527,0,0,9999,6001),(528,0,0,9999,6001),(529,0,0,9999,6001),(530,0,0,9999,6001),(531,0,0,9999,6001),(532,0,0,9999,6001),(533,0,0,9999,6001),(534,0,0,9999,6001),(535,0,0,9999,6001),(536,0,0,9999,6001),(537,0,0,9999,6001),(538,0,0,9999,6001),(539,0,0,9999,6001),(540,0,0,9999,6001),(541,0,0,9999,6001),(542,0,0,9999,6001),(543,0,0,9999,6001),(544,0,0,9999,6001),(545,0,0,9999,6001),(546,0,0,9999,6001),(547,0,0,9999,6001),(548,0,0,9999,6001),(549,0,0,9999,6001),(550,0,0,9999,6001),(551,0,0,9999,6001),(552,0,0,9999,6001),(553,0,0,9999,6001),(554,0,0,9999,6001),(555,0,0,9999,6001),(556,0,0,9999,6001),(557,0,0,9999,6001),(558,0,0,9999,6001),(559,0,0,9999,6001),(560,0,0,9999,6001),(561,0,0,9999,6001),(562,0,0,9999,6001),(563,0,0,9999,6001),(564,0,0,9999,6001),(565,0,0,9999,6001),(566,0,0,9999,6001),(567,0,0,9999,6001),(568,0,0,9999,6001),(569,0,0,9999,6001),(570,0,0,9999,6001),(571,0,0,9999,6001),(572,0,0,9999,6001),(573,0,0,9999,6001),(574,0,0,9999,6001),(575,0,0,9999,6001),(576,0,0,9999,6001),(577,0,0,9999,6001),(578,0,0,9999,6001),(579,0,0,9999,6001),(580,0,0,9999,6001),(581,0,0,9999,6001),(582,0,0,9999,6001),(583,0,0,9999,6001),(584,0,0,9999,6001),(585,0,0,9999,6001),(586,0,0,9999,6001),(587,0,0,9999,6001),(588,0,0,9999,6001),(589,0,0,9999,6001),(590,0,0,9999,6001),(591,0,0,9999,6001),(592,0,0,9999,6001),(593,0,0,9999,6001),(594,0,0,9999,6001),(595,0,0,9999,6001),(596,0,0,9999,6001),(597,0,0,9999,6001),(598,0,0,9999,6001),(599,0,0,9999,6001),(600,0,0,9999,6001),(601,0,0,9999,6001),(602,0,0,9999,6001),(603,0,0,9999,6001),(604,0,0,9999,6001),(605,0,0,9999,6001),(606,0,0,9999,6001),(607,0,0,9999,6001),(608,0,0,9999,6001),(609,0,0,9999,6001),(610,0,0,9999,6001),(611,0,0,9999,6001),(612,0,0,9999,6001),(613,0,0,9999,6001),(614,0,0,9999,6001),(615,0,0,9999,6001),(616,0,0,9999,6001),(617,0,0,9999,6001),(618,0,0,9999,6001),(619,0,0,9999,6001),(620,0,0,9999,6001),(621,0,0,9999,6001),(622,0,0,9999,6001),(623,0,0,9999,6001),(624,0,0,9999,6001),(625,0,0,9999,6001),(626,0,0,9999,6001),(627,0,0,9999,6001),(628,0,0,9999,6001),(629,0,0,9999,6001),(630,0,0,9999,6001),(631,0,0,9999,6001),(632,0,0,9999,6001),(633,0,0,9999,6001),(634,0,0,9999,6001),(635,0,0,9999,6001),(636,0,0,9999,6001),(637,0,0,9999,6001),(638,0,0,9999,6001),(639,0,0,9999,6001),(640,0,0,9999,6001),(641,0,0,9999,6001),(642,0,0,9999,6001),(643,0,0,9999,6001),(644,0,0,9999,6001),(645,0,0,9999,6001),(646,0,0,9999,6001),(647,0,0,9999,6001),(648,0,0,9999,6001),(649,0,0,9999,6001),(650,0,0,9999,6001),(651,0,0,9999,6001),(652,0,0,9999,6001),(653,0,0,9999,6001),(654,0,0,9999,6001),(655,0,0,9999,6001),(656,0,0,9999,6001),(657,0,0,9999,6001),(658,0,0,9999,6001),(659,0,0,9999,6001),(660,0,0,9999,6001),(661,0,0,9999,6001),(662,0,0,9999,6001),(663,0,0,9999,6001),(664,0,0,9999,6001),(665,0,0,9999,6001),(666,0,0,9999,6001),(667,0,0,9999,6001),(668,0,0,9999,6001),(669,0,0,9999,6001),(670,0,0,9999,6001),(671,0,0,9999,6001),(672,0,0,9999,6001),(673,0,0,9999,6001),(674,0,0,9999,6001),(675,0,0,9999,6001),(676,0,0,9999,6001),(677,0,0,9999,6001),(678,0,0,9999,6001),(679,0,0,9999,6001),(680,0,0,9999,6001),(681,0,0,9999,6001),(682,0,0,9999,6001),(683,0,0,9999,6001),(684,0,0,9999,6001),(685,0,0,9999,6001),(686,0,0,9999,6001),(687,0,0,9999,6001),(688,0,0,9999,6001),(689,0,0,9999,6001),(690,0,0,9999,6001),(691,0,0,9999,6001),(692,0,0,9999,6001),(693,0,0,9999,6001),(694,0,0,9999,6001),(695,0,0,9999,6001),(696,0,0,9999,6001),(697,0,0,9999,6001),(698,0,0,9999,6001),(699,0,0,9999,6001),(700,0,0,9999,6001),(701,0,0,9999,6001),(702,0,0,9999,6001),(703,0,0,9999,6001),(704,0,0,9999,6001),(705,0,0,9999,6001),(706,0,0,9999,6001),(707,0,0,9999,6001),(708,0,0,9999,6001),(709,0,0,9999,6001),(710,0,0,9999,6001),(711,0,0,9999,6001),(712,0,0,9999,6001),(713,0,0,9999,6001),(714,0,0,9999,6001),(715,0,0,9999,6001),(716,0,0,9999,6001),(717,0,0,9999,6001),(718,0,0,9999,6001),(719,0,0,9999,6001),(720,0,0,9999,6001),(721,0,0,9999,6001),(722,0,0,9999,6001),(723,0,0,9999,6001),(724,0,0,9999,6001),(725,0,0,9999,6001),(726,0,0,9999,6001),(727,0,0,9999,6001),(728,0,0,9999,6001),(729,0,0,9999,6001),(730,0,0,9999,6001),(731,0,0,9999,6001),(732,0,0,9999,6001),(733,0,0,9999,6001),(734,0,0,9999,6001),(735,0,0,9999,6001),(736,0,0,9999,6001),(737,0,0,9999,6001),(738,0,0,9999,6001),(739,0,0,9999,6001),(740,0,0,9999,6001),(741,0,0,9999,6001),(742,0,0,9999,6001),(743,0,0,9999,6001),(744,0,0,9999,6001),(745,0,0,9999,6001),(746,0,0,9999,6001),(747,0,0,9999,6001),(748,0,0,9999,6001),(749,0,0,9999,6001),(750,0,0,9999,6001),(751,0,0,9999,6001),(752,0,0,9999,6001),(753,0,0,9999,6001),(754,0,0,9999,6001),(755,0,0,9999,6001),(756,0,0,9999,6001),(757,0,0,9999,6001),(758,0,0,9999,6001),(759,0,0,9999,6001),(760,0,0,9999,6001),(761,0,0,9999,6001),(762,0,0,9999,6001),(763,0,0,9999,6001),(764,0,0,9999,6001),(765,0,0,9999,6001),(766,0,0,9999,6001),(767,0,0,9999,6001),(768,0,0,9999,6001),(769,0,0,9999,6001),(770,0,0,9999,6001),(771,0,0,9999,6001),(772,0,0,9999,6001),(773,0,0,9999,6001),(774,0,0,9999,6001),(775,0,0,9999,6001),(776,0,0,9999,6001),(777,0,0,9999,6001),(778,0,0,9999,6001),(779,0,0,9999,6001),(780,0,0,9999,6001),(781,0,0,9999,6001),(782,0,0,9999,6001),(783,0,0,9999,6001),(784,0,0,9999,6001),(785,0,0,9999,6001),(786,0,0,9999,6001),(787,0,0,9999,6001),(788,0,0,9999,6001),(789,0,0,9999,6001),(790,0,0,9999,6001),(791,0,0,9999,6001),(792,0,0,9999,6001),(793,0,0,9999,6001),(794,0,0,9999,6001),(795,0,0,9999,6001),(796,0,0,9999,6001),(797,0,0,9999,6001),(798,0,0,9999,6001),(799,0,0,9999,6001),(800,0,0,9999,6001),(801,0,0,9999,6001),(802,0,0,9999,6001),(803,0,0,9999,6001),(804,0,0,9999,6001),(805,0,0,9999,6001),(806,0,0,9999,6001),(807,0,0,9999,6001),(808,0,0,9999,6001),(809,0,0,9999,6001),(810,0,0,9999,6001),(811,0,0,9999,6001),(812,0,0,9999,6001),(813,0,0,9999,6001),(814,0,0,9999,6001),(815,0,0,9999,6001),(817,0,0,9999,11001),(818,0,0,9999,11001),(819,0,0,9999,11001),(820,0,0,9999,11001),(821,0,0,9999,11001),(822,0,0,9999,11001),(823,0,0,9999,11001),(824,0,0,9999,11001),(825,0,0,9999,11001),(826,0,0,9999,11001),(827,0,0,9999,11001),(828,0,0,9999,11001),(829,0,0,9999,11001),(830,0,0,9999,11001),(831,0,0,9999,11001),(832,0,0,9999,11001),(833,0,0,9999,11001),(834,0,0,9999,11001),(835,0,0,9999,11001),(836,0,0,9999,11001),(837,0,0,9999,11001),(838,0,0,9999,11001),(839,0,0,9999,11001),(840,0,0,9999,11001),(841,0,0,9999,11001),(842,0,0,9999,11001),(843,0,0,9999,11001),(844,0,0,9999,11001),(845,0,0,9999,11001),(846,0,0,9999,11001),(847,0,0,9999,11001),(848,0,0,9999,11001),(849,0,0,9999,11001),(850,0,0,9999,11001),(851,0,0,9999,11001),(852,0,0,9999,11001),(853,0,0,9999,11001),(854,0,0,9999,11001),(855,0,0,9999,11001),(856,0,0,9999,11001),(857,0,0,9999,11001),(858,0,0,9999,11001),(859,0,0,9999,11001),(860,0,0,9999,11001),(861,0,0,9999,11001),(862,0,0,9999,11001),(863,0,0,9999,11001),(864,0,0,9999,11001),(865,0,0,9999,11001),(866,0,0,9999,11001),(867,0,0,9999,11001),(868,0,0,9999,11001),(869,0,0,9999,11001),(870,0,0,9999,11001),(871,0,0,9999,11001),(872,0,0,9999,11001),(873,0,0,9999,11001),(874,0,0,9999,11001),(875,0,0,9999,11001),(876,0,0,9999,11001),(877,0,0,9999,11001),(878,0,0,9999,11001),(879,0,0,9999,11001),(880,0,0,9999,11001),(881,0,0,9999,11001),(882,0,0,9999,11001),(883,0,0,9999,11001),(884,0,0,9999,11001),(885,0,0,9999,11001),(886,0,0,9999,11001),(887,0,0,9999,11001),(888,0,0,9999,11001),(889,0,0,9999,11001),(890,0,0,9999,11001),(891,0,0,9999,11001),(892,0,0,9999,11001),(893,0,0,9999,11001),(894,0,0,9999,11001),(895,0,0,9999,11001),(896,0,0,9999,11001),(897,0,0,9999,11001),(898,0,0,9999,11001),(899,0,0,9999,11001),(900,0,0,9999,11001),(901,0,0,9999,11001),(902,0,0,9999,11001),(903,0,0,9999,11001),(904,0,0,9999,11001),(905,0,0,9999,11001),(906,0,0,9999,11001),(907,0,0,9999,11001),(908,0,0,9999,11001),(909,0,0,9999,11001),(910,0,0,9999,11001),(911,0,0,9999,11001),(912,0,0,9999,11001),(913,0,0,9999,11001),(914,0,0,9999,11001),(915,0,0,9999,11001),(916,0,0,9999,11001),(917,0,0,9999,11001),(918,0,0,9999,11001),(919,0,0,9999,11001),(920,0,0,9999,11001),(921,0,0,9999,11001),(922,0,0,9999,11001),(923,0,0,9999,11001),(924,0,0,9999,11001),(925,0,0,9999,11001),(926,0,0,9999,11001),(927,0,0,9999,11001),(928,0,0,9999,11001),(929,0,0,9999,11001),(930,0,0,9999,11001),(931,0,0,9999,11001),(932,0,0,9999,11001),(933,0,0,9999,11001),(934,0,0,9999,11001),(935,0,0,9999,11001),(936,0,0,9999,11001),(937,0,0,9999,11001),(938,0,0,9999,11001),(939,0,0,9999,11001),(940,0,0,9999,11001),(941,0,0,9999,11001),(942,0,0,9999,11001),(943,0,0,9999,11001),(944,0,0,9999,11001),(945,0,0,9999,11001),(946,0,0,9999,11001),(947,0,0,9999,11001),(948,0,0,9999,11001),(949,0,0,9999,11001),(950,0,0,9999,11001),(951,0,0,9999,11001),(952,0,0,9999,11001),(954,0,0,9999,2001),(955,0,0,9999,2001),(956,0,0,9999,2001),(957,0,0,9999,2001),(958,0,0,9999,2001),(959,0,0,9999,2001),(960,0,0,9999,2001),(961,0,0,9999,2001),(962,0,0,9999,2001),(963,0,0,9999,2001),(964,0,0,9999,2001),(965,0,0,9999,2001),(966,0,0,9999,2001),(967,0,0,9999,2001),(968,0,0,9999,2001),(969,0,0,9999,2001),(970,0,0,9999,2001),(971,0,0,9999,2001),(972,0,0,9999,2001),(973,0,0,9999,2001),(974,0,0,9999,2001),(975,0,0,9999,2001),(976,0,0,9999,2001),(977,0,0,9999,2001),(978,0,0,9999,2001),(979,0,0,9999,2001),(980,0,0,9999,2001),(981,0,0,9999,2001),(982,0,0,9999,2001),(983,0,0,9999,2001),(984,0,0,9999,2001),(985,0,0,9999,2001),(986,0,0,9999,2001),(987,0,0,9999,2001),(988,0,0,9999,2001),(989,0,0,9999,2001),(990,0,0,9999,2001),(991,0,0,9999,2001),(992,0,0,9999,2001),(993,0,0,9999,2001),(994,0,0,9999,2001),(995,0,0,9999,2001),(996,0,0,9999,2001),(997,0,0,9999,2001),(998,0,0,9999,2001),(999,0,0,9999,2001),(1000,0,0,9999,2001),(1001,0,0,9999,2001),(1002,0,0,9999,2001),(1003,0,0,9999,2001),(1004,0,0,9999,2001),(1005,0,0,9999,2001),(1006,0,0,9999,2001),(1007,0,0,9999,2001),(1008,0,0,9999,2001),(1009,0,0,9999,2001),(1010,0,0,9999,2001),(1011,0,0,9999,2001),(1012,0,0,9999,2001),(1013,0,0,9999,2001),(1014,0,0,9999,2001),(1015,0,0,9999,2001),(1016,0,0,9999,2001),(1017,0,0,9999,2001),(1018,0,0,9999,2001),(1019,0,0,9999,2001),(1020,0,0,9999,2001),(1021,0,0,9999,2001),(1022,0,0,9999,2001),(1023,0,0,9999,2001),(1024,0,0,9999,2001),(1025,0,0,9999,2001),(1026,0,0,9999,2001),(1027,0,0,9999,2001),(1028,0,0,9999,2001),(1029,0,0,9999,2001),(1030,0,0,9999,2001),(1031,0,0,9999,2001),(1032,0,0,9999,2001),(1033,0,0,9999,2001),(1034,0,0,9999,2001),(1035,0,0,9999,2001),(1036,0,0,9999,2001),(1037,0,0,9999,2001),(1038,0,0,9999,2001),(1039,0,0,9999,2001),(1040,0,0,9999,2001),(1041,0,0,9999,2001),(1042,0,0,9999,2001),(1043,0,0,9999,2001),(1044,0,0,9999,2001),(1045,0,0,9999,2001),(1046,0,0,9999,2001),(1047,0,0,9999,2001),(1048,0,0,9999,2001),(1049,0,0,9999,2001),(1050,0,0,9999,2001),(1051,0,0,9999,2001),(1052,0,0,9999,2001),(1053,0,0,9999,2001),(1054,0,0,9999,2001),(1055,0,0,9999,2001),(1056,0,0,9999,2001),(1057,0,0,9999,2001),(1058,0,0,9999,2001),(1059,0,0,9999,2001),(1060,0,0,9999,2001),(1061,0,0,9999,2001),(1062,0,0,9999,2001),(1063,0,0,9999,2001),(1064,0,0,9999,2001),(1065,0,0,9999,2001),(1066,0,0,9999,2001),(1067,0,0,9999,2001),(1068,0,0,9999,2001),(1069,0,0,9999,2001),(1070,0,0,9999,2001),(1071,0,0,9999,2001),(1072,0,0,9999,2001),(1073,0,0,9999,2001),(1074,0,0,9999,2001),(1075,0,0,9999,2001),(1076,0,0,9999,2001),(1077,0,0,9999,2001),(1078,0,0,9999,2001),(1079,0,0,9999,2001),(1080,0,0,9999,2001),(1081,0,0,9999,2001),(1082,0,0,9999,2001),(1083,0,0,9999,2001),(1084,0,0,9999,2001),(1085,0,0,9999,2001),(1086,0,0,9999,2001),(1087,0,0,9999,2001),(1088,0,0,9999,2001),(1089,0,0,9999,2001),(1090,0,0,9999,2001),(1091,0,0,9999,2001),(1092,0,0,9999,2001),(1093,0,0,9999,2001),(1094,0,0,9999,2001),(1095,0,0,9999,2001),(1096,0,0,9999,2001),(1097,0,0,9999,2001),(1098,0,0,9999,2001),(1099,0,0,9999,2001),(1100,0,0,9999,2001),(1101,0,0,9999,2001),(1102,0,0,9999,2001),(1103,0,0,9999,2001),(1104,0,0,9999,2001),(1105,0,0,9999,2001),(1106,0,0,9999,2001),(1107,0,0,9999,2001),(1108,0,0,9999,2001),(1109,0,0,9999,2001),(1110,0,0,9999,2001),(1111,0,0,9999,2001),(1112,0,0,9999,2001),(1113,0,0,9999,2001),(1114,0,0,9999,2001),(1115,0,0,9999,2001),(1116,0,0,9999,2001),(1117,0,0,9999,2001),(1118,0,0,9999,2001),(1119,0,0,9999,2001),(1120,0,0,9999,2001),(1121,0,0,9999,2001),(1122,0,0,9999,2001),(1123,0,0,9999,2001),(1124,0,0,9999,2001),(1125,0,0,9999,2001),(1126,0,0,9999,2001),(1127,0,0,9999,2001),(1128,0,0,9999,2001),(1129,0,0,9999,2001),(1130,0,0,9999,2001),(1131,0,0,9999,2001),(1132,0,0,9999,2001),(1133,0,0,9999,2001),(1134,0,0,9999,2001),(1135,0,0,9999,2001),(1136,0,0,9999,2001),(1137,0,0,9999,2001),(1138,0,0,9999,2001),(1139,0,0,9999,2001),(1140,0,0,9999,2001),(1141,0,0,9999,2001),(1142,0,0,9999,2001),(1143,0,0,9999,2001),(1144,0,0,9999,2001),(1145,0,0,9999,2001),(1146,0,0,9999,2001),(1147,0,0,9999,2001),(1148,0,0,9999,2001),(1149,0,0,9999,2001),(1150,0,0,9999,2001),(1151,0,0,9999,2001),(1152,0,0,9999,2001),(1153,0,0,9999,2001),(1154,0,0,9999,2001),(1155,0,0,9999,2001),(1156,0,0,9999,2001),(1157,0,0,9999,2001),(1158,0,0,9999,2001),(1159,0,0,9999,2001),(1160,0,0,9999,2001),(1161,0,0,9999,2001),(1162,0,0,9999,2001),(1163,0,0,9999,2001),(1164,0,0,9999,2001),(1165,0,0,9999,2001),(1166,0,0,9999,2001),(1167,0,0,9999,2001),(1168,0,0,9999,2001),(1169,0,0,9999,2001),(1170,0,0,9999,2001),(1171,0,0,9999,2001),(1172,0,0,9999,2001),(1173,0,0,9999,2001),(1174,0,0,9999,2001),(1175,0,0,9999,2001),(1176,0,0,9999,2001),(1177,0,0,9999,2001),(1178,0,0,9999,2001),(1179,0,0,9999,2001),(1180,0,0,9999,2001),(1181,0,0,9999,2001),(1182,0,0,9999,2001),(1183,0,0,9999,2001),(1184,0,0,9999,2001),(1185,0,0,9999,2001),(1186,0,0,9999,2001),(1187,0,0,9999,2001),(1188,0,0,9999,2001),(1189,0,0,9999,2001),(1190,0,0,9999,2001),(1191,0,0,9999,2001),(1192,0,0,9999,2001),(1193,0,0,9999,2001),(1194,0,0,9999,2001),(1195,0,0,9999,2001),(1196,0,0,9999,2001),(1197,0,0,9999,2001),(1198,0,0,9999,2001),(1199,0,0,9999,2001),(1200,0,0,9999,2001),(1201,0,0,9999,2001),(1202,0,0,9999,2001),(1203,0,0,9999,2001),(1204,0,0,9999,2001),(1205,0,0,9999,2001),(1206,0,0,9999,2001),(1207,0,0,9999,2001),(1208,0,0,9999,2001),(1209,0,0,9999,2001),(1210,0,0,9999,2001),(1211,0,0,9999,2001),(1212,0,0,9999,2001),(1213,0,0,9999,2001),(1214,0,0,9999,2001),(1215,0,0,9999,2001),(1216,0,0,9999,2001),(1217,0,0,9999,2001),(1218,0,0,9999,2001),(1219,0,0,9999,2001),(1220,0,0,9999,2001),(1221,0,0,9999,2001),(1222,0,0,9999,2001),(1223,0,0,9999,2001),(1224,0,0,9999,2001),(1225,0,0,9999,2001),(1226,0,0,9999,2001),(1227,0,0,9999,2001),(1228,0,0,9999,2001),(1229,0,0,9999,2001),(1230,0,0,9999,2001),(1231,0,0,9999,2001),(1232,0,0,9999,2001),(1233,0,0,9999,2001),(1234,0,0,9999,2001),(1235,0,0,9999,2001),(1236,0,0,9999,2001),(1237,0,0,9999,2001),(1238,0,0,9999,2001),(1239,0,0,9999,2001),(1240,0,0,9999,2001),(1241,0,0,9999,2001),(1242,0,0,9999,2001),(1243,0,0,9999,2001),(1244,0,0,9999,2001),(1245,0,0,9999,2001),(1246,0,0,9999,2001),(1247,0,0,9999,2001),(1248,0,0,9999,2001),(1249,0,0,9999,2001),(1250,0,0,9999,2001),(1251,0,0,9999,2001),(1252,0,0,9999,2001),(1253,0,0,9999,2001),(1254,0,0,9999,2001),(1255,0,0,9999,2001),(1256,0,0,9999,2001),(1257,0,0,9999,2001),(1258,0,0,9999,2001),(1259,0,0,9999,2001),(1260,0,0,9999,2001),(1261,0,0,9999,2001),(1262,0,0,9999,2001),(1263,0,0,9999,2001),(1264,0,0,9999,2001),(1265,0,0,9999,2001),(1266,0,0,9999,2001),(1267,0,0,9999,2001),(1268,0,0,9999,2001),(1269,0,0,9999,2001),(1270,0,0,9999,2001),(1271,0,0,9999,2001),(1272,0,0,9999,2001),(1273,0,0,9999,2001),(1274,0,0,9999,2001),(1275,0,0,9999,2001),(1276,0,0,9999,2001),(1277,0,0,9999,2001),(1278,0,0,9999,2001),(1279,0,0,9999,2001),(1280,0,0,9999,2001),(1281,0,0,9999,2001),(1282,0,0,9999,2001),(1283,0,0,9999,2001),(1284,0,0,9999,2001),(1285,0,0,9999,2001),(1286,0,0,9999,2001),(1287,0,0,9999,2001),(1288,0,0,9999,2001),(1289,0,0,9999,2001),(1290,0,0,9999,2001),(1291,0,0,9999,2001),(1292,0,0,9999,2001),(1293,0,0,9999,2001),(1294,0,0,9999,2001),(1295,0,0,9999,2001),(1296,0,0,9999,2001),(1297,0,0,9999,2001),(1298,0,0,9999,2001),(1299,0,0,9999,2001),(1300,0,0,9999,2001),(1301,0,0,9999,2001),(1302,0,0,9999,2001),(1303,0,0,9999,2001),(1304,0,0,9999,2001),(1305,0,0,9999,2001),(1306,0,0,9999,2001),(1307,0,0,9999,2001),(1308,0,0,9999,2001),(1309,0,0,9999,2001),(1310,0,0,9999,2001),(1311,0,0,9999,2001),(1312,0,0,9999,2001),(1313,0,0,9999,2001),(1314,0,0,9999,2001),(1315,0,0,9999,2001),(1316,0,0,9999,2001),(1317,0,0,9999,2001),(1318,0,0,9999,2001),(1319,0,0,9999,2001),(1320,0,0,9999,2001),(1321,0,0,9999,2001),(1322,0,0,9999,2001),(1323,0,0,9999,2001),(1324,0,0,9999,2001),(1325,0,0,9999,2001),(1326,0,0,9999,2001),(1327,0,0,9999,2001),(1328,0,0,9999,2001),(1329,0,0,9999,2001),(1330,0,0,9999,2001),(1331,0,0,9999,2001),(1332,0,0,9999,2001),(1333,0,0,9999,2001),(1334,0,0,9999,2001),(1335,0,0,9999,2001),(1336,0,0,9999,2001),(1337,0,0,9999,2001),(1338,0,0,9999,2001),(1339,0,0,9999,2001),(1340,0,0,9999,2001),(1341,0,0,9999,2001),(1342,0,0,9999,2001),(1343,0,0,9999,2001),(1344,0,0,9999,2001),(1345,0,0,9999,2001),(1346,0,0,9999,2001),(1347,0,0,9999,2001),(1348,0,0,9999,2001),(1349,0,0,9999,2001),(1350,0,0,9999,2001),(1351,0,0,9999,2001),(1352,0,0,9999,2001),(1353,0,0,9999,2001),(1354,0,0,9999,2001),(1355,0,0,9999,2001),(1356,0,0,9999,2001),(1357,0,0,9999,2001),(1358,0,0,9999,2001),(1359,0,0,9999,2001),(1360,0,0,9999,2001),(1361,0,0,9999,2001),(1362,0,0,9999,2001),(1363,0,0,9999,2001),(1364,0,0,9999,2001),(1365,0,0,9999,2001),(1366,0,0,9999,2001),(1367,0,0,9999,2001),(1368,0,0,9999,2001),(1369,0,0,9999,2001),(1370,0,0,9999,2001),(1371,0,0,9999,2001),(1372,0,0,9999,2001),(1373,0,0,9999,2001),(1374,0,0,9999,2001),(1375,0,0,9999,2001),(1376,0,0,9999,2001),(1377,0,0,9999,2001),(1378,0,0,9999,2001),(1379,0,0,9999,2001),(1380,0,0,9999,2001),(1381,0,0,9999,2001),(1382,0,0,9999,2001),(1383,0,0,9999,2001),(1384,0,0,9999,2001),(1385,0,0,9999,2001),(1386,0,0,9999,2001),(1387,0,0,9999,2001),(1388,0,0,9999,2001),(1389,0,0,9999,2001),(1390,0,0,9999,2001),(1391,0,0,9999,2001),(1392,0,0,9999,2001),(1393,0,0,9999,2001),(1394,0,0,9999,2001),(1395,0,0,9999,2001),(1396,0,0,9999,2001),(1397,0,0,9999,2001),(1398,0,0,9999,2001),(1399,0,0,9999,2001),(1400,0,0,9999,2001),(1401,0,0,9999,2001),(1402,0,0,9999,2001),(1403,0,0,9999,2001),(1404,0,0,9999,2001),(1405,0,0,9999,2001),(1406,0,0,9999,2001),(1407,0,0,9999,2001),(1408,0,0,9999,2001),(1409,0,0,9999,2001),(1410,0,0,9999,2001),(1411,0,0,9999,2001),(1412,0,0,9999,2001),(1413,0,0,9999,2001),(1414,0,0,9999,2001),(1415,0,0,9999,2001),(1416,0,0,9999,2001),(1417,0,0,9999,2001),(1418,0,0,9999,2001),(1419,0,0,9999,2001),(1420,0,0,9999,2001),(1421,0,0,9999,2001),(1422,0,0,9999,2001),(1423,0,0,9999,2001),(1424,0,0,9999,2001),(1425,0,0,9999,2001),(1426,0,0,9999,2001),(1427,0,0,9999,2001),(1428,0,0,9999,2001),(1429,0,0,9999,2001),(1430,0,0,9999,2001),(1431,0,0,9999,2001),(1432,0,0,9999,2001),(1433,0,0,9999,2001),(1434,0,0,9999,2001),(1435,0,0,9999,2001),(1436,0,0,9999,2001),(1437,0,0,9999,2001),(1438,0,0,9999,2001),(1439,0,0,9999,2001),(1440,0,0,9999,2001),(1441,0,0,9999,2001),(1442,0,0,9999,2001),(1443,0,0,9999,2001),(1444,0,0,9999,2001),(1445,0,0,9999,2001),(1446,0,0,9999,2001),(1447,0,0,9999,2001),(1448,0,0,9999,2001),(1449,0,0,9999,2001),(1450,0,0,9999,2001),(1451,0,0,9999,2001),(1452,0,0,9999,2001),(1453,0,0,9999,2001),(1454,0,0,9999,2001),(1455,0,0,9999,2001),(1456,0,0,9999,2001),(1457,0,0,9999,2001),(1458,0,0,9999,2001),(1459,0,0,9999,2001),(1460,0,0,9999,2001),(1461,0,0,9999,2001),(1462,0,0,9999,2001),(1463,0,0,9999,2001),(1464,0,0,9999,2001),(1465,0,0,9999,2001),(1466,0,0,9999,2001),(1467,0,0,9999,2001),(1468,0,0,9999,2001),(1469,0,0,9999,2001),(1470,0,0,9999,2001),(1471,0,0,9999,2001),(1472,0,0,9999,2001),(1473,0,0,9999,2001),(1474,0,0,9999,2001),(1475,0,0,9999,2001),(1476,0,0,9999,2001),(1477,0,0,9999,2001),(1478,0,0,9999,2001),(1479,0,0,9999,2001),(1480,0,0,9999,2001),(1481,0,0,9999,2001),(1482,0,0,9999,2001),(1483,0,0,9999,2001),(1484,0,0,9999,2001),(1485,0,0,9999,2001),(1486,0,0,9999,2001),(1487,0,0,9999,2001),(1488,0,0,9999,2001),(1489,0,0,9999,2001),(1490,0,0,9999,2001),(1491,0,0,9999,2001),(1492,0,0,9999,2001),(1493,0,0,9999,2001),(1494,0,0,9999,2001),(1495,0,0,9999,2001),(1496,0,0,9999,2001),(1497,0,0,9999,2001),(1498,0,0,9999,2001),(1499,0,0,9999,2001),(1500,0,0,9999,2001),(1501,0,0,9999,2001),(1502,0,0,9999,2001),(1503,0,0,9999,2001),(1504,0,0,9999,2001),(1505,0,0,9999,2001),(1506,0,0,9999,2001),(1507,0,0,9999,2001),(1508,0,0,9999,2001),(1509,0,0,9999,2001),(1510,0,0,9999,2001),(1511,0,0,9999,2001),(1512,0,0,9999,2001),(1513,0,0,9999,2001),(1514,0,0,9999,2001),(1515,0,0,9999,2001),(1516,0,0,9999,2001),(1517,0,0,9999,2001),(1518,0,0,9999,2001),(1519,0,0,9999,2001),(1520,0,0,9999,2001),(1521,0,0,9999,2001),(1522,0,0,9999,2001),(1523,0,0,9999,2001),(1524,0,0,9999,2001),(1525,0,0,9999,2001),(1526,0,0,9999,2001),(1527,0,0,9999,2001),(1528,0,0,9999,2001),(1529,0,0,9999,2001),(1530,0,0,9999,2001),(1531,0,0,9999,2001),(1532,0,0,9999,2001),(1533,0,0,9999,2001),(1534,0,0,9999,2001),(1535,0,0,9999,2001),(1536,0,0,9999,2001),(1537,0,0,9999,2001),(1538,0,0,9999,2001),(1539,0,0,9999,2001),(1540,0,0,9999,2001),(1541,0,0,9999,2001),(1542,0,0,9999,2001),(1543,0,0,9999,2001),(1544,0,0,9999,2001),(1545,0,0,9999,2001),(1546,0,0,9999,2001),(1547,0,0,9999,2001),(1548,0,0,9999,2001),(1549,0,0,9999,2001),(1550,0,0,9999,2001),(1551,0,0,9999,2001),(1552,0,0,9999,2001),(1553,0,0,9999,2001),(1554,0,0,9999,2001),(1555,0,0,9999,2001),(1556,0,0,9999,2001),(1557,0,0,9999,2001),(1558,0,0,9999,2001),(1559,0,0,9999,2001),(1560,0,0,9999,2001),(1561,0,0,9999,2001),(1562,0,0,9999,2001),(1563,0,0,9999,2001),(1564,0,0,9999,2001),(1565,0,0,9999,2001),(1566,0,0,9999,2001),(1567,0,0,9999,2001),(1568,0,0,9999,2001),(1569,0,0,9999,2001),(1570,0,0,9999,2001),(1571,0,0,9999,2001),(1572,0,0,9999,2001),(1573,0,0,9999,2001),(1574,0,0,9999,2001),(1575,0,0,9999,2001),(1576,0,0,9999,2001),(1577,0,0,9999,2001),(1578,0,0,9999,2001),(1579,0,0,9999,2001),(1580,0,0,9999,2001),(1581,0,0,9999,2001),(1582,0,0,9999,2001),(1583,0,0,9999,2001),(1584,0,0,9999,2001),(1585,0,0,9999,2001),(1586,0,0,9999,2001),(1587,0,0,9999,2001),(1588,0,0,9999,2001),(1589,0,0,9999,2001),(1590,0,0,9999,2001),(1591,0,0,9999,2001),(1592,0,0,9999,2001),(1593,0,0,9999,2001),(1594,0,0,9999,2001),(1595,0,0,9999,2001),(1596,0,0,9999,2001),(1597,0,0,9999,2001),(1598,0,0,9999,2001),(1599,0,0,9999,2001),(1600,0,0,9999,2001),(1601,0,0,9999,2001),(1602,0,0,9999,2001),(1603,0,0,9999,2001),(1604,0,0,9999,2001),(1605,0,0,9999,2001),(1606,0,0,9999,2001),(1607,0,0,9999,2001),(1608,0,0,9999,2001),(1609,0,0,9999,2001),(1610,0,0,9999,2001),(1611,0,0,9999,2001),(1612,0,0,9999,2001),(1613,0,0,9999,2001),(1614,0,0,9999,2001),(1615,0,0,9999,2001),(1616,0,0,9999,2001),(1617,0,0,9999,2001),(1618,0,0,9999,2001),(1619,0,0,9999,2001),(1620,0,0,9999,2001),(1621,0,0,9999,2001),(1622,0,0,9999,2001),(1623,0,0,9999,2001),(1624,0,0,9999,2001),(1625,0,0,9999,2001),(1626,0,0,9999,2001),(1627,0,0,9999,2001),(1628,0,0,9999,2001),(1629,0,0,9999,2001),(1630,0,0,9999,2001),(1631,0,0,9999,2001),(1632,0,0,9999,2001),(1633,0,0,9999,2001),(1634,0,0,9999,2001),(1635,0,0,9999,2001),(1636,0,0,9999,2001),(1637,0,0,9999,2001),(1638,0,0,9999,2001),(1639,0,0,9999,2001),(1640,0,0,9999,2001),(1641,0,0,9999,2001),(1642,0,0,9999,2001),(1643,0,0,9999,2001),(1644,0,0,9999,2001),(1645,0,0,9999,2001),(1646,0,0,9999,2001),(1647,0,0,9999,2001),(1648,0,0,9999,2001),(1649,0,0,9999,2001),(1650,0,0,9999,2001),(1651,0,0,9999,2001),(1652,0,0,9999,2001),(1653,0,0,9999,2001),(1654,0,0,9999,2001),(1655,0,0,9999,2001),(1656,0,0,9999,2001),(1657,0,0,9999,2001),(1658,0,0,9999,2001),(1659,0,0,9999,2001),(1660,0,0,9999,2001),(1661,0,0,9999,2001),(1662,0,0,9999,2001),(1663,0,0,9999,2001),(1664,0,0,9999,2001),(1665,0,0,9999,2001),(1666,0,0,9999,2001),(1667,0,0,9999,2001),(1668,0,0,9999,2001),(1669,0,0,9999,2001),(1670,0,0,9999,2001),(1671,0,0,9999,2001),(1672,0,0,9999,2001),(1673,0,0,9999,2001),(1674,0,0,9999,2001),(1675,0,0,9999,2001),(1676,0,0,9999,2001),(1677,0,0,9999,2001),(1678,0,0,9999,2001),(1679,0,0,9999,2001),(1680,0,0,9999,2001),(1681,0,0,9999,2001),(1682,0,0,9999,2001),(1683,0,0,9999,2001),(1684,0,0,9999,2001),(1685,0,0,9999,2001),(1686,0,0,9999,2001),(1687,0,0,9999,2001),(1688,0,0,9999,2001),(1689,0,0,9999,2001),(1690,0,0,9999,2001),(1691,0,0,9999,2001),(1692,0,0,9999,2001),(1693,0,0,9999,2001),(1694,0,0,9999,2001),(1695,0,0,9999,2001),(1696,0,0,9999,2001),(1697,0,0,9999,2001),(1698,0,0,9999,2001),(1699,0,0,9999,2001),(1700,0,0,9999,2001),(1701,0,0,9999,2001),(1702,0,0,9999,2001),(1703,0,0,9999,2001),(1704,0,0,9999,2001),(1705,0,0,9999,2001),(1706,0,0,9999,2001),(1707,0,0,9999,2001),(1708,0,0,9999,2001),(1709,0,0,9999,2001),(1710,0,0,9999,2001),(1711,0,0,9999,2001),(1712,0,0,9999,2001),(1713,0,0,9999,2001),(1714,0,0,9999,2001),(1715,0,0,9999,2001),(1716,0,0,9999,2001),(1717,0,0,9999,2001),(1718,0,0,9999,2001),(1719,0,0,9999,2001),(1720,0,0,9999,2001),(1721,0,0,9999,2001),(1722,0,0,9999,2001),(1723,0,0,9999,2001),(1724,0,0,9999,2001),(1725,0,0,9999,2001),(1726,0,0,9999,2001),(1727,0,0,9999,2001),(1728,0,0,9999,2001),(1729,0,0,9999,2001),(1730,0,0,9999,2001),(1731,0,0,9999,2001),(1732,0,0,9999,2001),(1733,0,0,9999,2001),(1734,0,0,9999,2001),(1735,0,0,9999,2001),(1736,0,0,9999,2001),(1737,0,0,9999,2001),(1738,0,0,9999,2001),(1739,0,0,9999,2001),(1740,0,0,9999,2001),(1741,0,0,9999,2001),(1742,0,0,9999,2001),(1743,0,0,9999,2001),(1744,0,0,9999,2001),(1745,0,0,9999,2001),(1746,0,0,9999,2001),(1747,0,0,9999,2001),(1748,0,0,9999,2001),(1749,0,0,9999,2001),(1750,0,0,9999,2001),(1751,0,0,9999,2001),(1752,0,0,9999,2001),(1753,0,0,9999,2001),(1754,0,0,9999,2001),(1755,0,0,9999,2001),(1756,0,0,9999,2001),(1757,0,0,9999,2001),(1758,0,0,9999,2001),(1759,0,0,9999,2001),(1760,0,0,9999,2001),(1761,0,0,9999,2001),(1762,0,0,9999,2001),(1763,0,0,9999,2001),(1764,0,0,9999,2001),(1765,0,0,9999,2001),(1766,0,0,9999,2001),(1767,0,0,9999,2001),(1768,0,0,9999,2001),(1769,0,0,9999,2001),(1770,0,0,9999,2001),(1771,0,0,9999,2001),(1772,0,0,9999,2001),(1773,0,0,9999,2001),(1774,0,0,9999,2001),(1775,0,0,9999,2001),(1776,0,0,9999,2001),(1777,0,0,9999,2001),(1778,0,0,9999,2001),(1779,0,0,9999,2001),(1780,0,0,9999,2001),(1781,0,0,9999,2001),(1782,0,0,9999,2001),(1783,0,0,9999,2001),(1784,0,0,9999,2001),(1785,0,0,9999,2001),(1786,0,0,9999,2001),(1787,0,0,9999,2001),(1788,0,0,9999,2001),(1789,0,0,9999,2001),(1790,0,0,9999,2001),(1791,0,0,9999,2001),(1792,0,0,9999,2001),(1793,0,0,9999,2001),(1794,0,0,9999,2001),(1795,0,0,9999,2001),(1796,0,0,9999,2001),(1797,0,0,9999,2001),(1798,0,0,9999,2001),(1799,0,0,9999,2001),(1800,0,0,9999,2001),(1801,0,0,9999,2001),(1802,0,0,9999,2001),(1803,0,0,9999,2001),(1804,0,0,9999,2001),(1805,0,0,9999,2001),(1806,0,0,9999,2001),(1807,0,0,9999,2001),(1808,0,0,9999,2001),(1809,0,0,9999,2001),(1810,0,0,9999,2001),(1811,0,0,9999,2001),(1812,0,0,9999,2001),(1813,0,0,9999,2001),(1814,0,0,9999,2001),(1815,0,0,9999,2001),(1816,0,0,9999,2001),(1817,0,0,9999,2001),(1818,0,0,9999,2001),(1819,0,0,9999,2001),(1820,0,0,9999,2001),(1821,0,0,9999,2001),(1822,0,0,9999,2001),(1823,0,0,9999,2001),(1824,0,0,9999,2001),(1825,0,0,9999,2001),(1826,0,0,9999,2001),(1827,0,0,9999,2001),(1828,0,0,9999,2001),(1829,0,0,9999,2001),(1830,0,0,9999,2001),(1831,0,0,9999,2001),(1832,0,0,9999,2001),(1833,0,0,9999,2001),(1834,0,0,9999,2001),(1835,0,0,9999,2001),(1836,0,0,9999,2001),(1837,0,0,9999,2001),(1838,0,0,9999,2001),(1839,0,0,9999,2001),(1840,0,0,9999,2001),(1841,0,0,9999,2001),(1842,0,0,9999,2001),(1843,0,0,9999,2001),(1844,0,0,9999,2001),(1845,0,0,9999,2001),(1846,0,0,9999,2001),(1847,0,0,9999,2001),(1848,0,0,9999,2001),(1849,0,0,9999,2001),(1850,0,0,9999,2001),(1851,0,0,9999,2001),(1852,0,0,9999,2001),(1853,0,0,9999,2001),(1854,0,0,9999,2001),(1855,0,0,9999,2001),(1856,0,0,9999,2001),(1857,0,0,9999,2001),(1858,0,0,9999,2001),(1859,0,0,9999,2001),(1860,0,0,9999,2001),(1861,0,0,9999,2001),(1862,0,0,9999,2001),(1863,0,0,9999,2001),(1864,0,0,9999,2001),(1865,0,0,9999,2001),(1866,0,0,9999,2001),(1867,0,0,9999,2001),(1868,0,0,9999,2001),(1869,0,0,9999,2001),(1870,0,0,9999,2001),(1871,0,0,9999,2001),(1872,0,0,9999,2001),(1873,0,0,9999,2001),(1874,0,0,9999,2001),(1875,0,0,9999,2001),(1876,0,0,9999,2001),(1877,0,0,9999,2001),(1878,0,0,9999,2001),(1879,0,0,9999,2001),(1880,0,0,9999,2001),(1881,0,0,9999,2001),(1882,0,0,9999,2001),(1883,0,0,9999,2001),(1884,0,0,9999,2001),(1885,0,0,9999,2001),(1886,0,0,9999,2001),(1887,0,0,9999,2001),(1888,0,0,9999,2001),(1889,0,0,9999,2001),(1890,0,0,9999,2001),(1891,0,0,9999,2001),(1892,0,0,9999,2001),(1893,0,0,9999,2001),(1894,0,0,9999,2001),(1895,0,0,9999,2001),(1896,0,0,9999,2001),(1897,0,0,9999,2001),(1898,0,0,9999,2001),(1899,0,0,9999,2001),(1900,0,0,9999,2001),(1901,0,0,9999,2001),(1902,0,0,9999,2001),(1903,0,0,9999,2001),(1904,0,0,9999,2001),(1905,0,0,9999,2001),(1906,0,0,9999,2001),(1907,0,0,9999,2001),(1908,0,0,9999,2001),(1909,0,0,9999,2001),(1910,0,0,9999,2001),(1911,0,0,9999,2001),(1912,0,0,9999,2001),(1913,0,0,9999,2001),(1914,0,0,9999,2001),(1915,0,0,9999,2001),(1916,0,0,9999,2001),(1917,0,0,9999,2001),(1918,0,0,9999,2001),(1919,0,0,9999,2001),(1920,0,0,9999,2001),(1921,0,0,9999,2001),(1922,0,0,9999,2001),(1923,0,0,9999,2001),(1924,0,0,9999,2001),(1925,0,0,9999,2001),(1926,0,0,9999,2001),(1927,0,0,9999,2001),(1928,0,0,9999,2001),(1929,0,0,9999,2001),(1930,0,0,9999,2001),(1931,0,0,9999,2001),(1932,0,0,9999,2001),(1933,0,0,9999,2001),(1934,0,0,9999,2001),(1935,0,0,9999,2001),(1936,0,0,9999,2001),(1937,0,0,9999,2001),(1938,0,0,9999,2001),(1939,0,0,9999,2001),(1940,0,0,9999,2001),(1941,0,0,9999,2001),(1942,0,0,9999,2001),(1943,0,0,9999,2001),(1944,0,0,9999,2001),(1945,0,0,9999,2001),(1946,0,0,9999,2001),(1947,0,0,9999,2001),(1948,0,0,9999,2001),(1949,0,0,9999,2001),(1950,0,0,9999,2001),(1951,0,0,9999,2001),(1952,0,0,9999,2001),(1953,0,0,9999,2001),(1954,0,0,9999,2001),(1955,0,0,9999,2001),(1956,0,0,9999,2001),(1957,0,0,9999,2001),(1958,0,0,9999,2001),(1959,0,0,9999,2001),(1960,0,0,9999,2001),(1961,0,0,9999,2001),(1962,0,0,9999,2001),(1963,0,0,9999,2001),(1964,0,0,9999,2001),(1965,0,0,9999,2001),(1966,0,0,9999,2001),(1967,0,0,9999,2001),(1968,0,0,9999,2001),(1969,0,0,9999,2001),(1970,0,0,9999,2001),(1971,0,0,9999,2001),(1972,0,0,9999,2001),(1973,0,0,9999,2001),(1974,0,0,9999,2001),(1975,0,0,9999,2001),(1976,0,0,9999,2001),(1977,0,0,9999,2001),(1978,0,0,9999,2001),(1979,0,0,9999,2001),(1980,0,0,9999,2001),(1981,0,0,9999,2001),(1982,0,0,9999,2001),(1983,0,0,9999,2001),(1984,0,0,9999,2001),(1985,0,0,9999,2001),(1986,0,0,9999,2001),(1987,0,0,9999,2001),(1988,0,0,9999,2001),(1989,0,0,9999,2001),(1990,0,0,9999,2001),(1991,0,0,9999,2001),(1992,0,0,9999,2001),(1993,0,0,9999,2001),(1994,0,0,9999,2001),(1995,0,0,9999,2001),(1996,0,0,9999,2001),(1997,0,0,9999,2001),(1998,0,0,9999,2001),(1999,0,0,9999,2001),(2000,0,0,9999,2001),(2001,0,0,9999,2001),(2002,0,0,9999,2001),(2003,0,0,9999,2001),(2004,0,0,9999,2001),(2005,0,0,9999,2001),(2006,0,0,9999,2001),(2007,0,0,9999,2001),(2008,0,0,9999,2001),(2009,0,0,9999,2001),(2010,0,0,9999,2001),(2011,0,0,9999,2001),(2012,0,0,9999,2001),(2013,0,0,9999,2001),(2014,0,0,9999,2001),(2015,0,0,9999,2001),(2016,0,0,9999,2001),(2017,0,0,9999,2001),(2018,0,0,9999,2001),(2019,0,0,9999,2001),(2020,0,0,9999,2001),(2021,0,0,9999,2001),(2022,0,0,9999,2001),(2023,0,0,9999,2001),(2024,0,0,9999,2001),(2025,0,0,9999,2001),(2026,0,0,9999,2001),(2027,0,0,9999,2001),(2028,0,0,9999,2001),(2029,0,0,9999,2001),(2030,0,0,9999,2001),(2031,0,0,9999,2001),(2032,0,0,9999,2001),(2033,0,0,9999,2001),(2034,0,0,9999,2001),(2035,0,0,9999,2001),(2036,0,0,9999,2001),(2037,0,0,9999,2001),(2038,0,0,9999,2001),(2039,0,0,9999,2001),(2040,0,0,9999,2001),(2041,0,0,9999,2001),(2042,0,0,9999,2001),(2043,0,0,9999,2001),(2044,0,0,9999,2001),(2045,0,0,9999,2001),(2046,0,0,9999,2001),(2047,0,0,9999,2001),(2048,0,0,9999,2001),(2049,0,0,9999,2001),(2050,0,0,9999,2001),(2051,0,0,9999,2001),(2052,0,0,9999,2001),(2053,0,0,9999,2001),(2054,0,0,9999,2001),(2055,0,0,9999,2001),(2056,0,0,9999,2001),(2057,0,0,9999,2001),(2058,0,0,9999,2001),(2059,0,0,9999,2001),(2060,0,0,9999,2001),(2061,0,0,9999,2001),(2062,0,0,9999,2001),(2063,0,0,9999,2001),(2064,0,0,9999,2001),(2065,0,0,9999,2001),(2066,0,0,9999,2001),(2067,0,0,9999,2001),(2068,0,0,9999,2001),(2069,0,0,9999,2001),(2070,0,0,9999,2001),(2071,0,0,9999,2001),(2072,0,0,9999,2001),(2073,0,0,9999,2001),(2074,0,0,9999,2001),(2075,0,0,9999,2001),(2076,0,0,9999,2001),(2077,0,0,9999,2001),(2078,0,0,9999,2001),(2079,0,0,9999,2001),(2080,0,0,9999,2001),(2081,0,0,9999,2001),(2082,0,0,9999,2001),(2083,0,0,9999,2001),(2084,0,0,9999,2001),(2085,0,0,9999,2001),(2086,0,0,9999,2001),(2087,0,0,9999,2001),(2088,0,0,9999,2001),(2089,0,0,9999,2001),(2090,0,0,9999,2001),(2091,0,0,9999,2001),(2092,0,0,9999,2001),(2093,0,0,9999,2001),(2094,0,0,9999,2001),(2095,0,0,9999,2001),(2096,0,0,9999,2001),(2097,0,0,9999,2001),(2098,0,0,9999,2001),(2099,0,0,9999,2001),(2100,0,0,9999,2001),(2101,0,0,9999,2001),(2102,0,0,9999,2001),(2103,0,0,9999,2001),(2104,0,0,9999,2001),(2105,0,0,9999,2001),(2106,0,0,9999,2001),(2107,0,0,9999,2001),(2108,0,0,9999,2001),(2109,0,0,9999,2001),(2110,0,0,9999,2001),(2111,0,0,9999,2001),(2112,0,0,9999,2001),(2113,0,0,9999,2001),(2114,0,0,9999,2001),(2115,0,0,9999,2001),(2116,0,0,9999,2001),(2117,0,0,9999,2001),(2118,0,0,9999,2001),(2119,0,0,9999,2001),(2120,0,0,9999,2001),(2121,0,0,9999,2001),(2122,0,0,9999,2001),(2123,0,0,9999,2001),(2124,0,0,9999,2001),(2125,0,0,9999,2001),(2126,0,0,9999,2001),(2127,0,0,9999,2001),(2128,0,0,9999,2001),(2129,0,0,9999,2001),(2130,0,0,9999,2001),(2131,0,0,9999,2001),(2132,0,0,9999,2001),(2133,0,0,9999,2001),(2134,0,0,9999,2001),(2135,0,0,9999,2001),(2136,0,0,9999,2001),(2137,0,0,9999,2001),(2138,0,0,9999,2001),(2139,0,0,9999,2001),(2140,0,0,9999,2001),(2141,0,0,9999,2001),(2142,0,0,9999,2001),(2143,0,0,9999,2001),(2144,0,0,9999,2001),(2145,0,0,9999,2001),(2146,0,0,9999,2001),(2147,0,0,9999,2001),(2148,0,0,9999,2001),(2149,0,0,9999,2001),(2150,0,0,9999,2001),(2151,0,0,9999,2001),(2152,0,0,9999,2001),(2153,0,0,9999,2001),(2154,0,0,9999,2001),(2155,0,0,9999,2001),(2156,0,0,9999,2001),(2157,0,0,9999,2001),(2158,0,0,9999,2001),(2159,0,0,9999,2001),(2160,0,0,9999,2001),(2161,0,0,9999,2001),(2162,0,0,9999,2001),(2163,0,0,9999,2001),(2164,0,0,9999,2001),(2165,0,0,9999,2001),(2166,0,0,9999,2001),(2167,0,0,9999,2001),(2168,0,0,9999,2001),(2169,0,0,9999,2001),(2170,0,0,9999,2001),(2171,0,0,9999,2001),(2172,0,0,9999,2001),(2173,0,0,9999,2001),(2174,0,0,9999,2001),(2175,0,0,9999,2001),(2176,0,0,9999,2001),(2177,0,0,9999,2001),(2178,0,0,9999,2001),(2179,0,0,9999,2001),(2180,0,0,9999,2001),(2181,0,0,9999,2001),(2182,0,0,9999,2001),(2183,0,0,9999,2001),(2184,0,0,9999,2001),(2185,0,0,9999,2001),(2186,0,0,9999,2001),(2187,0,0,9999,2001),(2188,0,0,9999,2001),(2189,0,0,9999,2001),(2190,0,0,9999,2001),(2191,0,0,9999,2001),(2192,0,0,9999,2001),(2193,0,0,9999,2001),(2194,0,0,9999,2001),(2195,0,0,9999,2001),(2196,0,0,9999,2001),(2197,0,0,9999,2001),(2198,0,0,9999,2001),(2199,0,0,9999,2001),(2200,0,0,9999,2001),(2201,0,0,9999,2001),(2202,0,0,9999,2001),(2203,0,0,9999,2001),(2204,0,0,9999,2001),(2205,0,0,9999,2001),(2206,0,0,9999,2001),(2207,0,0,9999,2001),(2208,0,0,9999,2001),(2209,0,0,9999,2001),(2210,0,0,9999,2001),(2211,0,0,9999,2001),(2212,0,0,9999,2001),(2213,0,0,9999,2001),(2214,0,0,9999,2001),(2215,0,0,9999,2001),(2216,0,0,9999,2001),(2217,0,0,9999,2001),(2218,0,0,9999,2001),(2219,0,0,9999,2001),(2220,0,0,9999,2001),(2221,0,0,9999,2001),(2222,0,0,9999,2001),(2223,0,0,9999,2001),(2224,0,0,9999,2001),(2225,0,0,9999,2001),(2226,0,0,9999,2001),(2227,0,0,9999,2001),(2228,0,0,9999,2001),(2229,0,0,9999,2001),(2230,0,0,9999,2001),(2231,0,0,9999,2001),(2232,0,0,9999,2001),(2233,0,0,9999,2001),(2234,0,0,9999,2001),(2235,0,0,9999,2001),(2236,0,0,9999,2001),(2237,0,0,9999,2001),(2238,0,0,9999,2001),(2239,0,0,9999,2001),(2240,0,0,9999,2001),(2241,0,0,9999,2001),(2242,0,0,9999,2001),(2243,0,0,9999,2001),(2244,0,0,9999,2001),(2245,0,0,9999,2001),(2246,0,0,9999,2001),(2247,0,0,9999,2001),(2248,0,0,9999,2001),(2249,0,0,9999,2001),(2250,0,0,9999,2001),(2251,0,0,9999,2001),(2252,0,0,9999,2001),(2253,0,0,9999,2001),(2254,0,0,9999,2001),(2255,0,0,9999,2001),(2256,0,0,9999,2001),(2257,0,0,9999,2001),(2258,0,0,9999,2001),(2259,0,0,9999,2001),(2260,0,0,9999,2001),(2261,0,0,9999,2001),(2262,0,0,9999,2001),(2263,0,0,9999,2001),(2264,0,0,9999,2001),(2265,0,0,9999,2001),(2266,0,0,9999,2001),(2267,0,0,9999,2001),(2268,0,0,9999,2001),(2269,0,0,9999,2001),(2270,0,0,9999,2001),(2271,0,0,9999,2001),(2272,0,0,9999,2001),(2273,0,0,9999,2001),(2274,0,0,9999,2001),(2275,0,0,9999,2001),(2276,0,0,9999,2001),(2277,0,0,9999,2001),(2278,0,0,9999,2001),(2279,0,0,9999,2001),(2280,0,0,9999,2001),(2281,0,0,9999,2001),(2282,0,0,9999,2001),(2283,0,0,9999,2001),(2284,0,0,9999,2001),(2285,0,0,9999,2001),(2286,0,0,9999,2001),(2287,0,0,9999,2001),(2288,0,0,9999,2001),(2289,0,0,9999,2001),(2290,0,0,9999,2001),(2291,0,0,9999,2001),(2292,0,0,9999,2001),(2293,0,0,9999,2001),(2294,0,0,9999,2001),(2295,0,0,9999,2001),(2296,0,0,9999,2001),(2297,0,0,9999,2001),(2298,0,0,9999,2001),(2299,0,0,9999,2001),(2300,0,0,9999,2001),(2301,0,0,9999,2001),(2302,0,0,9999,2001),(2303,0,0,9999,2001),(2304,0,0,9999,2001),(2305,0,0,9999,2001),(2306,0,0,9999,2001),(2307,0,0,9999,2001),(2308,0,0,9999,2001),(2309,0,0,9999,2001),(2310,0,0,9999,2001),(2311,0,0,9999,2001),(2312,0,0,9999,2001),(2313,0,0,9999,2001),(2314,0,0,9999,2001),(2315,0,0,9999,2001),(2316,0,0,9999,2001),(2317,0,0,9999,2001),(2318,0,0,9999,2001),(2319,0,0,9999,2001),(2320,0,0,9999,2001),(2321,0,0,9999,2001),(2322,0,0,9999,2001),(2323,0,0,9999,2001),(2324,0,0,9999,2001),(2325,0,0,9999,2001),(2326,0,0,9999,2001),(2327,0,0,9999,2001),(2328,0,0,9999,2001),(2329,0,0,9999,2001),(2330,0,0,9999,2001),(2331,0,0,9999,2001),(2332,0,0,9999,2001),(2333,0,0,9999,2001),(2334,0,0,9999,2001),(2335,0,0,9999,2001),(2336,0,0,9999,2001),(2337,0,0,9999,2001),(2338,0,0,9999,2001),(2339,0,0,9999,2001),(2340,0,0,9999,2001),(2341,0,0,9999,2001),(2342,0,0,9999,2001),(2343,0,0,9999,2001),(2344,0,0,9999,2001),(2345,0,0,9999,2001),(2346,0,0,9999,2001),(2347,0,0,9999,2001),(2348,0,0,9999,2001),(2349,0,0,9999,2001),(2350,0,0,9999,2001),(2351,0,0,9999,2001),(2352,0,0,9999,2001),(2353,0,0,9999,2001),(2354,0,0,9999,2001),(2355,0,0,9999,2001),(2356,0,0,9999,2001),(2357,0,0,9999,2001),(2358,0,0,9999,2001),(2359,0,0,9999,2001),(2360,0,0,9999,2001),(2361,0,0,9999,2001),(2362,0,0,9999,2001),(2363,0,0,9999,2001),(2364,0,0,9999,2001),(2365,0,0,9999,2001),(2366,0,0,9999,2001),(2367,0,0,9999,2001),(2368,0,0,9999,2001),(2369,0,0,9999,2001),(2370,0,0,9999,2001),(2371,0,0,9999,2001),(2372,0,0,9999,2001),(2373,0,0,9999,2001),(2374,0,0,9999,2001),(2375,0,0,9999,2001),(2376,0,0,9999,2001),(2377,0,0,9999,2001),(2378,0,0,9999,2001),(2379,0,0,9999,2001),(2380,0,0,9999,2001),(2381,0,0,9999,2001),(2382,0,0,9999,2001),(2383,0,0,9999,2001),(2384,0,0,9999,2001),(2385,0,0,9999,2001),(2386,0,0,9999,2001),(2387,0,0,9999,2001),(2388,0,0,9999,2001),(2389,0,0,9999,2001),(2390,0,0,9999,2001),(2391,0,0,9999,2001),(2392,0,0,9999,2001),(2393,0,0,9999,2001),(2394,0,0,9999,2001),(2395,0,0,9999,2001),(2396,0,0,9999,2001),(2397,0,0,9999,2001),(2398,0,0,9999,2001),(2399,0,0,9999,2001),(2400,0,0,9999,2001),(2401,0,0,9999,2001),(2402,0,0,9999,2001),(2403,0,0,9999,2001),(2404,0,0,9999,2001),(2405,0,0,9999,2001),(2406,0,0,9999,2001),(2407,0,0,9999,2001),(2408,0,0,9999,2001),(2409,0,0,9999,2001),(2410,0,0,9999,2001),(2411,0,0,9999,2001),(2412,0,0,9999,2001),(2413,0,0,9999,2001),(2414,0,0,9999,2001),(2415,0,0,9999,2001),(2416,0,0,9999,2001),(2417,0,0,9999,2001),(2418,0,0,9999,2001),(2419,0,0,9999,2001),(2420,0,0,9999,2001),(2421,0,0,9999,2001),(2422,0,0,9999,2001),(2423,0,0,9999,2001),(2424,0,0,9999,2001),(2425,0,0,9999,2001),(2426,0,0,9999,2001),(2427,0,0,9999,2001),(2428,0,0,9999,2001),(2429,0,0,9999,2001),(2430,0,0,9999,2001),(2431,0,0,9999,2001),(2432,0,0,9999,2001),(2433,0,0,9999,2001),(2434,0,0,9999,2001),(2435,0,0,9999,2001),(2436,0,0,9999,2001),(2437,0,0,9999,2001),(2438,0,0,9999,2001),(2439,0,0,9999,2001),(2440,0,0,9999,2001),(2441,0,0,9999,2001),(2442,0,0,9999,2001),(2443,0,0,9999,2001),(2444,0,0,9999,2001),(2445,0,0,9999,2001),(2446,0,0,9999,2001),(2447,0,0,9999,2001),(2448,0,0,9999,2001),(2449,0,0,9999,2001),(2450,0,0,9999,2001),(2451,0,0,9999,2001),(2452,0,0,9999,2001),(2453,0,0,9999,2001),(2454,0,0,9999,2001),(2455,0,0,9999,2001),(2456,0,0,9999,2001),(2457,0,0,9999,2001),(2458,0,0,9999,2001),(2459,0,0,9999,2001),(2460,0,0,9999,2001),(2461,0,0,9999,2001),(2462,0,0,9999,2001),(2463,0,0,9999,2001),(2464,0,0,9999,2001),(2465,0,0,9999,2001),(2466,0,0,9999,2001),(2467,0,0,9999,2001),(2468,0,0,9999,2001),(2469,0,0,9999,2001),(2470,0,0,9999,2001),(2471,0,0,9999,2001),(2472,0,0,9999,2001),(2473,0,0,9999,2001),(2474,0,0,9999,2001),(2475,0,0,9999,2001),(2476,0,0,9999,2001),(2477,0,0,9999,2001),(2478,0,0,9999,2001),(2479,0,0,9999,2001),(2480,0,0,9999,2001),(2481,0,0,9999,2001),(2482,0,0,9999,2001),(2483,0,0,9999,2001),(2484,0,0,9999,2001),(2485,0,0,9999,2001),(2486,0,0,9999,2001),(2487,0,0,9999,2001),(2488,0,0,9999,2001),(2489,0,0,9999,2001),(2490,0,0,9999,2001),(2491,0,0,9999,2001),(2492,0,0,9999,2001),(2493,0,0,9999,2001),(2494,0,0,9999,2001),(2495,0,0,9999,2001),(2496,0,0,9999,2001),(2497,0,0,9999,2001),(2498,0,0,9999,2001),(2499,0,0,9999,2001),(2500,0,0,9999,2001),(2501,0,0,9999,2001),(2502,0,0,9999,2001),(2503,0,0,9999,2001),(2504,0,0,9999,2001),(2505,0,0,9999,2001),(2506,0,0,9999,2001),(2507,0,0,9999,2001),(2508,0,0,9999,2001),(2509,0,0,9999,2001),(2510,0,0,9999,2001),(2511,0,0,9999,2001),(2512,0,0,9999,2001),(2513,0,0,9999,2001),(2514,0,0,9999,2001),(2515,0,0,9999,2001),(2516,0,0,9999,2001),(2517,0,0,9999,2001),(2518,0,0,9999,2001),(2519,0,0,9999,2001),(2520,0,0,9999,2001),(2521,0,0,9999,2001),(2522,0,0,9999,2001),(2523,0,0,9999,2001),(2524,0,0,9999,2001),(2525,0,0,9999,2001),(2526,0,0,9999,2001),(2527,0,0,9999,2001),(2528,0,0,9999,2001),(2529,0,0,9999,2001),(2530,0,0,9999,2001),(2531,0,0,9999,2001),(2532,0,0,9999,2001),(2533,0,0,9999,2001),(2534,0,0,9999,2001),(2535,0,0,9999,2001),(2536,0,0,9999,2001),(2537,0,0,9999,2001),(2538,0,0,9999,2001),(2539,0,0,9999,2001),(2540,0,0,9999,2001),(2541,0,0,9999,2001),(2542,0,0,9999,2001),(2543,0,0,9999,2001),(2544,0,0,9999,2001),(2545,0,0,9999,2001),(2546,0,0,9999,2001),(2547,0,0,9999,2001),(2548,0,0,9999,2001),(2549,0,0,9999,2001),(2550,0,0,9999,2001),(2551,0,0,9999,2001),(2552,0,0,9999,2001),(2553,0,0,9999,2001),(2554,0,0,9999,2001),(2555,0,0,9999,2001),(2556,0,0,9999,2001),(2557,0,0,9999,2001),(2558,0,0,9999,2001),(2559,0,0,9999,2001),(2560,0,0,9999,2001),(2561,0,0,9999,2001),(2562,0,0,9999,2001),(2563,0,0,9999,2001),(2564,0,0,9999,2001),(2565,0,0,9999,2001),(2566,0,0,9999,2001),(2567,0,0,9999,2001),(2568,0,0,9999,2001),(2569,0,0,9999,2001),(2570,0,0,9999,2001),(2571,0,0,9999,2001),(2572,0,0,9999,2001),(2573,0,0,9999,2001),(2574,0,0,9999,2001),(2575,0,0,9999,2001),(2576,0,0,9999,2001),(2577,0,0,9999,2001),(2578,0,0,9999,2001),(2579,0,0,9999,2001),(2580,0,0,9999,2001),(2581,0,0,9999,2001),(2582,0,0,9999,2001),(2583,0,0,9999,2001),(2584,0,0,9999,2001),(2585,0,0,9999,2001),(2586,0,0,9999,2001),(2587,0,0,9999,2001),(2588,0,0,9999,2001),(2589,0,0,9999,2001),(2590,0,0,9999,2001),(2591,0,0,9999,2001),(2592,0,0,9999,2001),(2593,0,0,9999,2001),(2594,0,0,9999,2001),(2595,0,0,9999,2001),(2596,0,0,9999,2001),(2597,0,0,9999,2001),(2598,0,0,9999,2001),(2599,0,0,9999,2001),(2600,0,0,9999,2001),(2601,0,0,9999,2001),(2602,0,0,9999,2001),(2603,0,0,9999,2001),(2604,0,0,9999,2001),(2605,0,0,9999,2001),(2606,0,0,9999,2001),(2607,0,0,9999,2001),(2608,0,0,9999,2001),(2609,0,0,9999,2001),(2610,0,0,9999,2001),(2611,0,0,9999,2001),(2612,0,0,9999,2001),(2613,0,0,9999,2001),(2614,0,0,9999,2001),(2615,0,0,9999,2001),(2616,0,0,9999,2001),(2617,0,0,9999,2001),(2618,0,0,9999,2001),(2619,0,0,9999,2001),(2620,0,0,9999,2001),(2621,0,0,9999,2001),(2622,0,0,9999,2001),(2623,0,0,9999,2001),(2624,0,0,9999,2001),(2625,0,0,9999,2001),(2626,0,0,9999,2001),(2627,0,0,9999,2001),(2628,0,0,9999,2001),(2629,0,0,9999,2001),(2630,0,0,9999,2001),(2631,0,0,9999,2001),(2632,0,0,9999,2001),(2633,0,0,9999,2001),(2634,0,0,9999,2001),(2635,0,0,9999,2001),(2636,0,0,9999,2001),(2637,0,0,9999,2001),(2638,0,0,9999,2001),(2639,0,0,9999,2001),(2640,0,0,9999,2001),(2641,0,0,9999,2001),(2642,0,0,9999,2001),(2643,0,0,9999,2001),(2644,0,0,9999,2001),(2645,0,0,9999,2001),(2646,0,0,9999,2001),(2647,0,0,9999,2001),(2648,0,0,9999,2001),(2649,0,0,9999,2001),(2650,0,0,9999,2001),(2651,0,0,9999,2001),(2652,0,0,9999,2001),(2653,0,0,9999,2001),(2654,0,0,9999,2001),(2655,0,0,9999,2001),(2656,0,0,9999,2001),(2657,0,0,9999,2001),(2658,0,0,9999,2001),(2659,0,0,9999,2001),(2660,0,0,9999,2001),(2661,0,0,9999,2001),(2662,0,0,9999,2001),(2663,0,0,9999,2001),(2664,0,0,9999,2001),(2665,0,0,9999,2001),(2666,0,0,9999,2001),(2667,0,0,9999,2001),(2668,0,0,9999,2001),(2669,0,0,9999,2001),(2670,0,0,9999,2001),(2671,0,0,9999,2001),(2672,0,0,9999,2001),(2673,0,0,9999,2001),(2674,0,0,9999,2001),(2675,0,0,9999,2001),(2676,0,0,9999,2001),(2677,0,0,9999,2001),(2678,0,0,9999,2001),(2679,0,0,9999,2001),(2680,0,0,9999,2001),(2681,0,0,9999,2001),(2682,0,0,9999,2001),(2683,0,0,9999,2001),(2684,0,0,9999,2001),(2685,0,0,9999,2001),(2686,0,0,9999,2001),(2687,0,0,9999,2001),(2688,0,0,9999,2001),(2689,0,0,9999,2001),(2690,0,0,9999,2001),(2691,0,0,9999,2001),(2692,0,0,9999,2001),(2693,0,0,9999,2001),(2694,0,0,9999,2001),(2695,0,0,9999,2001),(2696,0,0,9999,2001),(2697,0,0,9999,2001),(2698,0,0,9999,2001),(2699,0,0,9999,2001),(2700,0,0,9999,2001),(2701,0,0,9999,2001),(2702,0,0,9999,2001),(2703,0,0,9999,2001),(2704,0,0,9999,2001),(2705,0,0,9999,2001),(2706,0,0,9999,2001),(2707,0,0,9999,2001),(2708,0,0,9999,2001),(2709,0,0,9999,2001),(2710,0,0,9999,2001),(2711,0,0,9999,2001),(2712,0,0,9999,2001),(2713,0,0,9999,2001),(2714,0,0,9999,2001),(2715,0,0,9999,2001),(2716,0,0,9999,2001),(2717,0,0,9999,2001),(2718,0,0,9999,2001),(2719,0,0,9999,2001),(2720,0,0,9999,2001),(2721,0,0,9999,2001),(2722,0,0,9999,2001),(2723,0,0,9999,2001),(2724,0,0,9999,2001),(2725,0,0,9999,2001),(2726,0,0,9999,2001),(2727,0,0,9999,2001),(2728,0,0,9999,2001),(2729,0,0,9999,2001),(2730,0,0,9999,2001),(2731,0,0,9999,2001),(2732,0,0,9999,2001),(2733,0,0,9999,2001),(2734,0,0,9999,2001),(2735,0,0,9999,2001),(2736,0,0,9999,2001),(2737,0,0,9999,2001),(2738,0,0,9999,2001),(2739,0,0,9999,2001),(2740,0,0,9999,2001),(2741,0,0,9999,2001),(2742,0,0,9999,2001),(2743,0,0,9999,2001),(2744,0,0,9999,2001),(2745,0,0,9999,2001),(2746,0,0,9999,2001),(2747,0,0,9999,2001),(2748,0,0,9999,2001),(2749,0,0,9999,2001),(2750,0,0,9999,2001),(2751,0,0,9999,2001),(2752,0,0,9999,2001),(2753,0,0,9999,2001),(2754,0,0,9999,2001),(2755,0,0,9999,2001),(2756,0,0,9999,2001),(2757,0,0,9999,2001),(2758,0,0,9999,2001),(2759,0,0,9999,2001),(2760,0,0,9999,2001),(2761,0,0,9999,2001),(2762,0,0,9999,2001),(2763,0,0,9999,2001),(2764,0,0,9999,2001),(2765,0,0,9999,2001),(2766,0,0,9999,2001),(2767,0,0,9999,2001),(2768,0,0,9999,2001),(2769,0,0,9999,2001),(2770,0,0,9999,2001),(2771,0,0,9999,2001),(2772,0,0,9999,2001),(2773,0,0,9999,2001),(2774,0,0,9999,2001),(2775,0,0,9999,2001),(2776,0,0,9999,2001),(2777,0,0,9999,2001),(2778,0,0,9999,2001),(2779,0,0,9999,2001),(2780,0,0,9999,2001),(2781,0,0,9999,2001),(2782,0,0,9999,2001),(2783,0,0,9999,2001),(2784,0,0,9999,2001),(2785,0,0,9999,2001),(2786,0,0,9999,2001),(2787,0,0,9999,2001),(2788,0,0,9999,2001),(2789,0,0,9999,2001),(2790,0,0,9999,2001),(2791,0,0,9999,2001),(2792,0,0,9999,2001),(2793,0,0,9999,2001),(2794,0,0,9999,2001),(2795,0,0,9999,2001),(2796,0,0,9999,2001),(2797,0,0,9999,2001),(2798,0,0,9999,2001),(2799,0,0,9999,2001),(2800,0,0,9999,2001),(2801,0,0,9999,2001),(2802,0,0,9999,2001),(2803,0,0,9999,2001),(2804,0,0,9999,2001),(2805,0,0,9999,2001),(2806,0,0,9999,2001),(2807,0,0,9999,2001),(2808,0,0,9999,2001),(2809,0,0,9999,2001),(2810,0,0,9999,2001),(2811,0,0,9999,2001),(2812,0,0,9999,2001),(2813,0,0,9999,2001),(2814,0,0,9999,2001),(2815,0,0,9999,2001),(2816,0,0,9999,2001),(2817,0,0,9999,2001),(2818,0,0,9999,2001),(2819,0,0,9999,2001),(2820,0,0,9999,2001),(2821,0,0,9999,2001),(2822,0,0,9999,2001),(2823,0,0,9999,2001),(2824,0,0,9999,2001),(2825,0,0,9999,2001),(2826,0,0,9999,2001),(2827,0,0,9999,2001),(2828,0,0,9999,2001),(2829,0,0,9999,2001),(2830,0,0,9999,2001),(2831,0,0,9999,2001),(2832,0,0,9999,2001),(2833,0,0,9999,2001),(2834,0,0,9999,2001),(2835,0,0,9999,2001),(2836,0,0,9999,2001),(2837,0,0,9999,2001),(2838,0,0,9999,2001),(2839,0,0,9999,2001),(2840,0,0,9999,2001),(2841,0,0,9999,2001),(2842,0,0,9999,2001),(2843,0,0,9999,2001),(2844,0,0,9999,2001),(2845,0,0,9999,2001),(2846,0,0,9999,2001),(2847,0,0,9999,2001),(2848,0,0,9999,2001),(2849,0,0,9999,2001),(2850,0,0,9999,2001),(2851,0,0,9999,2001),(2852,0,0,9999,2001),(2853,0,0,9999,2001),(2854,0,0,9999,2001),(2855,0,0,9999,2001),(2856,0,0,9999,2001),(2857,0,0,9999,2001),(2858,0,0,9999,2001),(2859,0,0,9999,2001),(2860,0,0,9999,2001),(2861,0,0,9999,2001),(2862,0,0,9999,2001),(2863,0,0,9999,2001),(2864,0,0,9999,2001),(2865,0,0,9999,2001),(2866,0,0,9999,2001),(2867,0,0,9999,2001),(2868,0,0,9999,2001),(2869,0,0,9999,2001),(2870,0,0,9999,2001),(2871,0,0,9999,2001),(2872,0,0,9999,2001),(2873,0,0,9999,2001),(2874,0,0,9999,2001),(2875,0,0,9999,2001),(2876,0,0,9999,2001),(2877,0,0,9999,2001),(2878,0,0,9999,2001),(2879,0,0,9999,2001),(2880,0,0,9999,2001),(2881,0,0,9999,2001),(2882,0,0,9999,2001),(2883,0,0,9999,2001),(2884,0,0,9999,2001),(2885,0,0,9999,2001),(2886,0,0,9999,2001),(2887,0,0,9999,2001),(2888,0,0,9999,2001),(2889,0,0,9999,2001),(2890,0,0,9999,2001),(2891,0,0,9999,2001),(2892,0,0,9999,2001),(2893,0,0,9999,2001),(2894,0,0,9999,2001),(2895,0,0,9999,2001),(2896,0,0,9999,2001),(2897,0,0,9999,2001),(2898,0,0,9999,2001),(2899,0,0,9999,2001),(2900,0,0,9999,2001),(2901,0,0,9999,2001),(2902,0,0,9999,2001),(2903,0,0,9999,2001),(2904,0,0,9999,2001),(2905,0,0,9999,2001),(2906,0,0,9999,2001),(2907,0,0,9999,2001),(2908,0,0,9999,2001),(2909,0,0,9999,2001),(2910,0,0,9999,2001),(2911,0,0,9999,2001),(2912,0,0,9999,2001),(2913,0,0,9999,2001),(2914,0,0,9999,2001),(2915,0,0,9999,2001),(2916,0,0,9999,2001),(2917,0,0,9999,2001),(2918,0,0,9999,2001),(2919,0,0,9999,2001),(2920,0,0,9999,2001),(2921,0,0,9999,2001),(2922,0,0,9999,2001),(2923,0,0,9999,2001),(2924,0,0,9999,2001),(2925,0,0,9999,2001),(2926,0,0,9999,2001),(2927,0,0,9999,2001),(2928,0,0,9999,2001),(2929,0,0,9999,2001),(2930,0,0,9999,2001),(2931,0,0,9999,2001),(2932,0,0,9999,2001),(2933,0,0,9999,2001),(2934,0,0,9999,2001),(2935,0,0,9999,2001),(2936,0,0,9999,2001),(2937,0,0,9999,2001),(2938,0,0,9999,2001),(2939,0,0,9999,2001),(2940,0,0,9999,2001),(2941,0,0,9999,2001),(2942,0,0,9999,2001),(2943,0,0,9999,2001),(2944,0,0,9999,2001),(2945,0,0,9999,2001),(2946,0,0,9999,2001),(2947,0,0,9999,2001),(2948,0,0,9999,2001),(2949,0,0,9999,2001),(2950,0,0,9999,2001),(2951,0,0,9999,2001),(2952,0,0,9999,2001),(2953,0,0,9999,2001),(2954,0,0,9999,2001),(2955,0,0,9999,2001),(2956,0,0,9999,2001),(2957,0,0,9999,2001),(2958,0,0,9999,2001),(2959,0,0,9999,2001),(2960,0,0,9999,2001),(2961,0,0,9999,2001),(2962,0,0,9999,2001),(2963,0,0,9999,2001),(2964,0,0,9999,2001),(2965,0,0,9999,2001),(2966,0,0,9999,2001),(2967,0,0,9999,2001),(2968,0,0,9999,2001),(2969,0,0,9999,2001),(2970,0,0,9999,2001),(2971,0,0,9999,2001),(2972,0,0,9999,2001),(2973,0,0,9999,2001),(2974,0,0,9999,2001),(2975,0,0,9999,2001),(2976,0,0,9999,2001),(2977,0,0,9999,2001),(2978,0,0,9999,2001),(2979,0,0,9999,2001),(2980,0,0,9999,2001),(2981,0,0,9999,2001),(2982,0,0,9999,2001),(2983,0,0,9999,2001),(2984,0,0,9999,2001),(2985,0,0,9999,2001),(2986,0,0,9999,2001),(2987,0,0,9999,2001),(2988,0,0,9999,2001),(2989,0,0,9999,2001),(2990,0,0,9999,2001),(2991,0,0,9999,2001),(2992,0,0,9999,2001),(2993,0,0,9999,2001),(2994,0,0,9999,2001),(2995,0,0,9999,2001),(2996,0,0,9999,2001),(2997,0,0,9999,2001),(2998,0,0,9999,2001),(3000,0,0,9999,2006),(3001,0,0,9999,2006),(3002,0,0,9999,2006),(3003,0,0,9999,2006),(3004,0,0,9999,2001),(3005,0,0,9999,2001),(3006,0,0,9999,2006),(3007,0,0,9999,2006),(3008,0,0,9999,2006),(3009,0,0,9999,2001),(3010,0,0,9999,2006),(3011,0,0,9999,2001),(3012,0,0,9999,2006),(3013,0,0,9999,2001),(3014,0,0,9999,2006),(3015,0,0,9999,2001),(3016,0,0,9999,2006),(3017,0,0,9999,2001),(3018,0,0,9999,2006),(3019,0,0,9999,2001),(3020,0,0,9999,2006),(3021,0,0,9999,2001),(3022,0,0,9999,2006),(3023,0,0,9999,2001),(3024,0,0,9999,2006),(3025,0,0,9999,2006),(3026,0,0,9999,2001),(3027,0,0,9999,2006),(3028,0,0,9999,2001),(3029,0,0,9999,2001),(3030,0,0,9999,2006),(3031,0,0,9999,2001),(3032,0,0,9999,2006),(3033,0,0,9999,2001),(3034,0,0,9999,2001),(3035,0,0,9999,2001),(3036,0,0,9999,2006),(3037,0,0,9999,2001),(3038,0,0,9999,2006),(3039,0,0,9999,2006),(3040,0,0,9999,2001),(3041,0,0,9999,2006),(3042,0,0,9999,2001),(3043,0,0,9999,2006),(3044,0,0,9999,2001),(3045,0,0,9999,2006),(3046,0,0,9999,2001),(3047,0,0,9999,2006),(3048,0,0,9999,2001),(3049,0,0,9999,2006),(3050,0,0,9999,2001),(3051,0,0,9999,2006),(3052,0,0,9999,2001),(3053,0,0,9999,2001),(3054,0,0,9999,2006),(3055,0,0,9999,2001),(3056,0,0,9999,2006),(3057,0,0,9999,2001),(3058,0,0,9999,2006),(3059,0,0,9999,2001),(3060,0,0,9999,2006),(3061,0,0,9999,2001),(3062,0,0,9999,2006),(3063,0,0,9999,2001),(3064,0,0,9999,2006),(3065,0,0,9999,2001),(3066,0,0,9999,2001),(3067,0,0,9999,2006),(3068,0,0,9999,2001),(3069,0,0,9999,2006),(3070,0,0,9999,2001),(3071,0,0,9999,2006),(3072,0,0,9999,2006),(3073,0,0,9999,2001),(3074,0,0,9999,2006),(3075,0,0,9999,2001),(3076,0,0,9999,2006),(3077,0,0,9999,2001),(3078,0,0,9999,2001),(3079,0,0,9999,2006),(3080,0,0,9999,2001),(3081,0,0,9999,2006),(3082,0,0,9999,2001),(3083,0,0,9999,2006),(3084,0,0,9999,2001),(3085,0,0,9999,2006),(3086,0,0,9999,2006),(3087,0,0,9999,2001),(3088,0,0,9999,2001),(3089,0,0,9999,2001),(3090,0,0,9999,2006),(3091,0,0,9999,2001),(3092,0,0,9999,2001),(3093,0,0,9999,2001),(3094,0,0,9999,2001),(3095,0,0,9999,2006),(3096,0,0,9999,2006),(3097,0,0,9999,2006),(3098,0,0,9999,2006),(3099,0,0,9999,2006),(3100,0,0,9999,2001),(3101,0,0,9999,2001),(3102,0,0,9999,2001),(3103,0,0,9999,2006),(3104,0,0,9999,2006),(3105,0,0,9999,2001),(3106,0,0,9999,2006),(3107,0,0,9999,2001),(3108,0,0,9999,2006),(3109,0,0,9999,2001),(3110,0,0,9999,2001),(3111,0,0,9999,2006),(3112,0,0,9999,2006),(3113,0,0,9999,2006),(3114,0,0,9999,2001),(3115,0,0,9999,2001),(3116,0,0,9999,2001),(3117,0,0,9999,2001),(3118,0,0,9999,2001),(3119,0,0,9999,2001),(3120,0,0,9999,2001),(3121,0,0,9999,2001),(3122,0,0,9999,2001),(3123,0,0,9999,2006),(3124,0,0,9999,2001),(3125,0,0,9999,2001),(3126,0,0,9999,2006),(3127,0,0,9999,2001),(3128,0,0,9999,2001),(3129,0,0,9999,2006),(3130,0,0,9999,2006),(3131,0,0,9999,2001),(3132,0,0,9999,2006),(3133,0,0,9999,2006),(3134,0,0,9999,2001),(3135,0,0,9999,2006),(3136,0,0,9999,2006),(3137,0,0,9999,2006),(3138,0,0,9999,2006),(3139,0,0,9999,2006),(3140,0,0,9999,2006),(3141,0,0,9999,2006),(3142,0,0,9999,2001),(3143,0,0,9999,2006),(3144,0,0,9999,2001),(3145,0,0,9999,2006),(3146,0,0,9999,2006),(3147,0,0,9999,2006),(3148,0,0,9999,2001),(3149,0,0,9999,2006),(3150,0,0,9999,2006),(3151,0,0,9999,2006),(3152,0,0,9999,2006),(3153,0,0,9999,2006),(3154,0,0,9999,2006),(3155,0,0,9999,2001),(3156,0,0,9999,2006),(3157,0,0,9999,2001),(3158,0,0,9999,2006),(3159,0,0,9999,2006),(3160,0,0,9999,2006),(3161,0,0,9999,2001),(3162,0,0,9999,2001),(3163,0,0,9999,2001),(3164,0,0,9999,2001),(3165,0,0,9999,2001),(3166,0,0,9999,2006),(3167,0,0,9999,2006),(3168,0,0,9999,2006),(3169,0,0,9999,2006),(3170,0,0,9999,2001),(3171,0,0,9999,2001),(3172,0,0,9999,2006),(3173,0,0,9999,2001),(3174,0,0,9999,2006),(3175,0,0,9999,2001),(3176,0,0,9999,2006),(3177,0,0,9999,2001),(3178,0,0,9999,2006),(3179,0,0,9999,2006),(3180,0,0,9999,2006),(3181,0,0,9999,2001),(3182,0,0,9999,2001),(3183,0,0,9999,2001),(3184,0,0,9999,2001),(3185,0,0,9999,2006),(3186,0,0,9999,2006),(3187,0,0,9999,2001),(3188,0,0,9999,2006),(3189,0,0,9999,2001),(3190,0,0,9999,2006),(3191,0,0,9999,2001),(3192,0,0,9999,2001),(3193,0,0,9999,2006),(3194,0,0,9999,2001),(3195,0,0,9999,2006),(3196,0,0,9999,2006),(3197,0,0,9999,2001),(3198,0,0,9999,2001),(3199,0,0,9999,2001),(3200,0,0,9999,2001),(3201,0,0,9999,2001),(3202,0,0,9999,2001),(3203,0,0,9999,2001),(3204,0,0,9999,2006),(3205,0,0,9999,2001),(3206,0,0,9999,2006),(3207,0,0,9999,2006),(3208,0,0,9999,2006),(3209,0,0,9999,2006),(3210,0,0,9999,2006),(3211,0,0,9999,2006),(3212,0,0,9999,2006),(3213,0,0,9999,2006),(3214,0,0,9999,2006),(3215,0,0,9999,2001),(3216,0,0,9999,2006),(3217,0,0,9999,2001),(3218,0,0,9999,2001),(3219,0,0,9999,2006),(3220,0,0,9999,2001),(3221,0,0,9999,2001),(3222,0,0,9999,2001),(3223,0,0,9999,2001),(3224,0,0,9999,2006),(3225,0,0,9999,2006),(3226,0,0,9999,2001),(3227,0,0,9999,2006),(3228,0,0,9999,2001),(3229,0,0,9999,2006),(3230,0,0,9999,2001),(3231,0,0,9999,2006),(3232,0,0,9999,2006),(3233,0,0,9999,2006),(3234,0,0,9999,2006),(3235,0,0,9999,2001),(3236,0,0,9999,2006),(3237,0,0,9999,2001),(3238,0,0,9999,2006),(3239,0,0,9999,2001),(3240,0,0,9999,2001),(3241,0,0,9999,2006),(3242,0,0,9999,2001),(3243,0,0,9999,2001),(3244,0,0,9999,2006),(3245,0,0,9999,2001),(3246,0,0,9999,2001),(3247,0,0,9999,2006),(3248,0,0,9999,2001),(3249,0,0,9999,2006),(3250,0,0,9999,2001),(3251,0,0,9999,2001),(3252,0,0,9999,2006),(3253,0,0,9999,2001),(3254,0,0,9999,2006),(3255,0,0,9999,2001),(3256,0,0,9999,2001),(3257,0,0,9999,2001),(3258,0,0,9999,2006),(3259,0,0,9999,2001),(3260,0,0,9999,2006),(3261,0,0,9999,2001),(3262,0,0,9999,2006),(3263,0,0,9999,2006),(3264,0,0,9999,2006),(3265,0,0,9999,2006),(3266,0,0,9999,2006),(3267,0,0,9999,2001),(3268,0,0,9999,2001),(3269,0,0,9999,2006),(3270,0,0,9999,2001),(3271,0,0,9999,2006),(3272,0,0,9999,2001),(3273,0,0,9999,2001),(3274,0,0,9999,2006),(3275,0,0,9999,2001),(3276,0,0,9999,2001),(3277,0,0,9999,2006),(3278,0,0,9999,2006),(3279,0,0,9999,2006),(3280,0,0,9999,2001),(3281,0,0,9999,2001),(3282,0,0,9999,2001),(3283,0,0,9999,2001),(3284,0,0,9999,2006),(3285,0,0,9999,2001),(3286,0,0,9999,2001),(3287,0,0,9999,2001),(3288,0,0,9999,2001),(3289,0,0,9999,2001),(3290,0,0,9999,2001),(3291,0,0,9999,2006),(3292,0,0,9999,2006),(3293,0,0,9999,2001),(3294,0,0,9999,2006),(3295,0,0,9999,2001),(3296,0,0,9999,2001),(3297,0,0,9999,2006),(3298,0,0,9999,2006),(3299,0,0,9999,2001),(3300,0,0,9999,2006),(3301,0,0,9999,2006),(3302,0,0,9999,2006),(3303,0,0,9999,2006),(3304,0,0,9999,2006),(3305,0,0,9999,2001),(3306,0,0,9999,2006),(3307,0,0,9999,2001),(3308,0,0,9999,2006),(3309,0,0,9999,2006),(3310,0,0,9999,2006),(3311,0,0,9999,2006),(3312,0,0,9999,2006),(3313,0,0,9999,2001),(3314,0,0,9999,2001),(3315,0,0,9999,2006),(3316,0,0,9999,2001),(3317,0,0,9999,2001),(3318,0,0,9999,2001),(3319,0,0,9999,2001),(3320,0,0,9999,2001),(3321,0,0,9999,2001),(3322,0,0,9999,2001),(3323,0,0,9999,2001),(3324,0,0,9999,2001),(3325,0,0,9999,2006),(3326,0,0,9999,2001),(3327,0,0,9999,2001),(3328,0,0,9999,2006),(3329,0,0,9999,2006),(3330,0,0,9999,2006),(3331,0,0,9999,2006),(3332,0,0,9999,2006),(3333,0,0,9999,2006),(3334,0,0,9999,2006),(3335,0,0,9999,2006),(3336,0,0,9999,2001),(3337,0,0,9999,2006),(3338,0,0,9999,2001),(3339,0,0,9999,2001),(3340,0,0,9999,2006),(3341,0,0,9999,2001),(3342,0,0,9999,2001),(3343,0,0,9999,2001),(3344,0,0,9999,2001),(3345,0,0,9999,2006),(3346,0,0,9999,2006),(3347,0,0,9999,2001),(3348,0,0,9999,2001),(3349,0,0,9999,2001),(3350,0,0,9999,2001),(3351,0,0,9999,2001),(3352,0,0,9999,2001),(3353,0,0,9999,2001),(3354,0,0,9999,2006),(3355,0,0,9999,2001),(3356,0,0,9999,2006),(3357,0,0,9999,2001),(3358,0,0,9999,2001),(3359,0,0,9999,2006),(3360,0,0,9999,2001),(3361,0,0,9999,2001),(3362,0,0,9999,2006),(3363,0,0,9999,2006),(3364,0,0,9999,2006),(3365,0,0,9999,2006),(3366,0,0,9999,2006),(3367,0,0,9999,2006),(3368,0,0,9999,2006),(3369,0,0,9999,2006),(3370,0,0,9999,2006),(3371,0,0,9999,2006),(3372,0,0,9999,2006),(3373,0,0,9999,2006),(3374,0,0,9999,2006),(3375,0,0,9999,2006),(3376,0,0,9999,2006),(3377,0,0,9999,2006),(3378,0,0,9999,2006),(3379,0,0,9999,2006),(3380,0,0,9999,2006),(3381,0,0,9999,2006),(3382,0,0,9999,2006),(3383,0,0,9999,2006),(3384,0,0,9999,2006),(3385,0,0,9999,2006),(3386,0,0,9999,2006),(3387,0,0,9999,2006),(3388,0,0,9999,2006),(3389,0,0,9999,2006),(3390,0,0,9999,2006),(3391,0,0,9999,2006),(3392,0,0,9999,2006),(3393,0,0,9999,2006),(3394,0,0,9999,2006),(3395,0,0,9999,2006),(3396,0,0,9999,2006),(3397,0,0,9999,2006),(3398,0,0,9999,2006),(3399,0,0,9999,2006),(3400,0,0,9999,2006),(3401,0,0,9999,2006),(3402,0,0,9999,2006),(3403,0,0,9999,2006),(3404,0,0,9999,2006),(3405,0,0,9999,2006),(3406,0,0,9999,2006),(3407,0,0,9999,2006),(3408,0,0,9999,2006),(3409,0,0,9999,2006),(3410,0,0,9999,2006),(3411,0,0,9999,2006),(3412,0,0,9999,2006),(3413,0,0,9999,2006),(3414,0,0,9999,2006),(3415,0,0,9999,2006),(3416,0,0,9999,2006),(3417,0,0,9999,2006),(3418,0,0,9999,2006),(3419,0,0,9999,2006),(3420,0,0,9999,2006),(3421,0,0,9999,2006),(3422,0,0,9999,2006),(3423,0,0,9999,2006),(3424,0,0,9999,2006),(3425,0,0,9999,2006),(3426,0,0,9999,2006),(3427,0,0,9999,2006),(3428,0,0,9999,2006),(3429,0,0,9999,2006),(3430,0,0,9999,2006),(3431,0,0,9999,2006),(3432,0,0,9999,2006),(3433,0,0,9999,2006),(3434,0,0,9999,2006),(3435,0,0,9999,2006),(3436,0,0,9999,2006),(3437,0,0,9999,2006),(3438,0,0,9999,2006),(3439,0,0,9999,2006),(3440,0,0,9999,2006),(3441,0,0,9999,2006),(3442,0,0,9999,2006),(3443,0,0,9999,2006),(3444,0,0,9999,2006),(3445,0,0,9999,2006),(3446,0,0,9999,2006),(3447,0,0,9999,2006),(3448,0,0,9999,2006),(3449,0,0,9999,2006),(3450,0,0,9999,2006),(3451,0,0,9999,2006),(3452,0,0,9999,2006),(3453,0,0,9999,2006),(3454,0,0,9999,2006),(3455,0,0,9999,2006),(3456,0,0,9999,2006),(3457,0,0,9999,2006),(3458,0,0,9999,2006),(3459,0,0,9999,2006),(3460,0,0,9999,2006),(3461,0,0,9999,2006),(3462,0,0,9999,2006),(3463,0,0,9999,2006),(3464,0,0,9999,2006),(3465,0,0,9999,2006),(3466,0,0,9999,2006),(3467,0,0,9999,2006),(3468,0,0,9999,2006),(3469,0,0,9999,2006),(3470,0,0,9999,2006),(3471,0,0,9999,2006),(3472,0,0,9999,2006),(3473,0,0,9999,2006),(3474,0,0,9999,2006),(3475,0,0,9999,2006),(3476,0,0,9999,2006),(3477,0,0,9999,2006),(3478,0,0,9999,2006),(3479,0,0,9999,2006),(3480,0,0,9999,2006),(3481,0,0,9999,2006),(3482,0,0,9999,2006),(3483,0,0,9999,2006),(3484,0,0,9999,2006),(3485,0,0,9999,2006),(3486,0,0,9999,2006),(3487,0,0,9999,2006),(3488,0,0,9999,2006),(3489,0,0,9999,2006),(3490,0,0,9999,2006),(3491,0,0,9999,2006),(3492,0,0,9999,2006),(3493,0,0,9999,2006),(3494,0,0,9999,2006),(3495,0,0,9999,2006),(3496,0,0,9999,2006),(3497,0,0,9999,2006),(3498,0,0,9999,2006),(3499,0,0,9999,2006),(3500,0,0,9999,2006),(3501,0,0,9999,2006),(3502,0,0,9999,2006),(3503,0,0,9999,2006),(3504,0,0,9999,2006),(3505,0,0,9999,2006),(3506,0,0,9999,2006),(3507,0,0,9999,2006),(3508,0,0,9999,2006),(3509,0,0,9999,2006),(3510,0,0,9999,2006),(3511,0,0,9999,2006),(3512,0,0,9999,2006),(3513,0,0,9999,2006),(3514,0,0,9999,2006),(3515,0,0,9999,2006),(3516,0,0,9999,2006),(3517,0,0,9999,2006),(3518,0,0,9999,2006),(3519,0,0,9999,2006),(3520,0,0,9999,2006),(3521,0,0,9999,2006),(3522,0,0,9999,2006),(3523,0,0,9999,2006),(3524,0,0,9999,2006),(3525,0,0,9999,2006),(3526,0,0,9999,2006),(3527,0,0,9999,2006),(3528,0,0,9999,2006),(3529,0,0,9999,2006),(3530,0,0,9999,2006),(3531,0,0,9999,2006),(3532,0,0,9999,2006),(3533,0,0,9999,2006),(3534,0,0,9999,2006),(3535,0,0,9999,2006),(3536,0,0,9999,2006),(3537,0,0,9999,2006),(3538,0,0,9999,2006),(3539,0,0,9999,2006),(3540,0,0,9999,2006),(3541,0,0,9999,2006),(3542,0,0,9999,2006),(3543,0,0,9999,2006),(3544,0,0,9999,2006),(3545,0,0,9999,2006),(3546,0,0,9999,2006),(3547,0,0,9999,2006),(3548,0,0,9999,2006),(3549,0,0,9999,2006),(3550,0,0,9999,2006),(3551,0,0,9999,2006),(3552,0,0,9999,2006),(3553,0,0,9999,2006),(3554,0,0,9999,2006),(3555,0,0,9999,2006),(3556,0,0,9999,2006),(3557,0,0,9999,2006),(3558,0,0,9999,2006),(3559,0,0,9999,2006),(3560,0,0,9999,2006),(3561,0,0,9999,2006),(3562,0,0,9999,2006),(3563,0,0,9999,2006),(3564,0,0,9999,2006),(3565,0,0,9999,2006),(3566,0,0,9999,2006),(3567,0,0,9999,2006),(3568,0,0,9999,2006),(3569,0,0,9999,2006),(3570,0,0,9999,2006),(3571,0,0,9999,2006),(3572,0,0,9999,2006),(3573,0,0,9999,2006),(3574,0,0,9999,2006),(3575,0,0,9999,2006),(3576,0,0,9999,2006),(3577,0,0,9999,2006),(3578,0,0,9999,2006),(3579,0,0,9999,2006),(3580,0,0,9999,2006),(3581,0,0,9999,2006),(3582,0,0,9999,2006),(3583,0,0,9999,2006),(3584,0,0,9999,2006),(3585,0,0,9999,2006),(3586,0,0,9999,2006),(3587,0,0,9999,2006),(3588,0,0,9999,2006),(3589,0,0,9999,2006),(3590,0,0,9999,2006),(3591,0,0,9999,2006),(3592,0,0,9999,2006),(3593,0,0,9999,2006),(3594,0,0,9999,2006),(3595,0,0,9999,2006),(3596,0,0,9999,2006),(3597,0,0,9999,2006),(3598,0,0,9999,2006),(3599,0,0,9999,2006),(3600,0,0,9999,2006),(3601,0,0,9999,2006),(3602,0,0,9999,2006),(3603,0,0,9999,2006),(3604,0,0,9999,2006),(3605,0,0,9999,2006),(3606,0,0,9999,2006),(3607,0,0,9999,2006),(3608,0,0,9999,2006),(3609,0,0,9999,2006),(3610,0,0,9999,2006),(3611,0,0,9999,2006),(3612,0,0,9999,2006),(3613,0,0,9999,2006),(3614,0,0,9999,2006),(3615,0,0,9999,2006),(3616,0,0,9999,2006),(3617,0,0,9999,2006),(3618,0,0,9999,2006),(3619,0,0,9999,2006),(3620,0,0,9999,2006),(3621,0,0,9999,2006),(3622,0,0,9999,2006),(3623,0,0,9999,2006),(3624,0,0,9999,2006),(3625,0,0,9999,2006),(3626,0,0,9999,2006),(3627,0,0,9999,2006),(3628,0,0,9999,2006),(3629,0,0,9999,2006),(3630,0,0,9999,2006),(3631,0,0,9999,2006),(3632,0,0,9999,2006),(3633,0,0,9999,2006),(3634,0,0,9999,2006),(3635,0,0,9999,2006),(3636,0,0,9999,2006),(3637,0,0,9999,2006),(3638,0,0,9999,2006),(3639,0,0,9999,2006),(3640,0,0,9999,2006),(3641,0,0,9999,2006),(3642,0,0,9999,2006),(3643,0,0,9999,2006),(3644,0,0,9999,2006),(3645,0,0,9999,2006),(3646,0,0,9999,2006),(3647,0,0,9999,2006),(3648,0,0,9999,2006),(3649,0,0,9999,2006),(3650,0,0,9999,2006),(3651,0,0,9999,2006),(3652,0,0,9999,2006),(3653,0,0,9999,2006),(3654,0,0,9999,2006),(3655,0,0,9999,2006),(3656,0,0,9999,2006),(3657,0,0,9999,2006),(3658,0,0,9999,2006),(3659,0,0,9999,2006),(3660,0,0,9999,2006),(3661,0,0,9999,2006),(3662,0,0,9999,2006),(3663,0,0,9999,2006),(3664,0,0,9999,2006),(3665,0,0,9999,2006),(3666,0,0,9999,2006),(3667,0,0,9999,2006),(3668,0,0,9999,2006),(3669,0,0,9999,2006),(3670,0,0,9999,2006),(3671,0,0,9999,2006),(3672,0,0,9999,2006),(3673,0,0,9999,2006),(3674,0,0,9999,2006),(3675,0,0,9999,2006),(3676,0,0,9999,2006),(3677,0,0,9999,2006),(3678,0,0,9999,2006),(3679,0,0,9999,2006),(3680,0,0,9999,2006),(3681,0,0,9999,2006),(3682,0,0,9999,2006),(3683,0,0,9999,2006),(3684,0,0,9999,2006),(3685,0,0,9999,2006),(3686,0,0,9999,2006),(3687,0,0,9999,2006),(3688,0,0,9999,2006),(3689,0,0,9999,2006),(3690,0,0,9999,2006),(3691,0,0,9999,2006),(3692,0,0,9999,2006),(3693,0,0,9999,2006),(3694,0,0,9999,2006),(3695,0,0,9999,2006),(3696,0,0,9999,2006),(3697,0,0,9999,2006),(3698,0,0,9999,2006),(3699,0,0,9999,2006),(3700,0,0,9999,2006),(3701,0,0,9999,2006),(3702,0,0,9999,2006),(3703,0,0,9999,2006),(3704,0,0,9999,2006),(3705,0,0,9999,2006),(3706,0,0,9999,2006),(3707,0,0,9999,2006),(3708,0,0,9999,2006),(3709,0,0,9999,2006),(3710,0,0,9999,2006),(3711,0,0,9999,2006),(3712,0,0,9999,2006),(3713,0,0,9999,2006),(3714,0,0,9999,2006),(3715,0,0,9999,2006),(3716,0,0,9999,2006),(3717,0,0,9999,2006),(3718,0,0,9999,2006),(3719,0,0,9999,2006),(3720,0,0,9999,2006),(3721,0,0,9999,2006),(3722,0,0,9999,2006),(3723,0,0,9999,2006),(3724,0,0,9999,2006),(3725,0,0,9999,2006),(3726,0,0,9999,2006),(3727,0,0,9999,2006),(3728,0,0,9999,2006),(3729,0,0,9999,2006),(3730,0,0,9999,2006),(3731,0,0,9999,2006),(3732,0,0,9999,2006),(3733,0,0,9999,2006),(3734,0,0,9999,2006),(3735,0,0,9999,2006),(3736,0,0,9999,2006),(3737,0,0,9999,2006),(3738,0,0,9999,2006),(3739,0,0,9999,2006),(3740,0,0,9999,2006),(3741,0,0,9999,2006),(3742,0,0,9999,2006),(3743,0,0,9999,2006),(3744,0,0,9999,2006),(3745,0,0,9999,2006),(3746,0,0,9999,2006),(3747,0,0,9999,2006),(3748,0,0,9999,2006),(3749,0,0,9999,2006),(3750,0,0,9999,2006),(3751,0,0,9999,2006),(3752,0,0,9999,2006),(3753,0,0,9999,2006),(3754,0,0,9999,2006),(3755,0,0,9999,2006),(3756,0,0,9999,2006),(3757,0,0,9999,2006),(3758,0,0,9999,2006),(3759,0,0,9999,2006),(3760,0,0,9999,2006),(3761,0,0,9999,2006),(3762,0,0,9999,2006),(3763,0,0,9999,2006),(3764,0,0,9999,2006),(3765,0,0,9999,2006),(3766,0,0,9999,2006),(3767,0,0,9999,2006),(3768,0,0,9999,2006),(3769,0,0,9999,2006),(3770,0,0,9999,2006),(3771,0,0,9999,2006),(3772,0,0,9999,2006),(3773,0,0,9999,2006),(3774,0,0,9999,2006),(3775,0,0,9999,2006),(3776,0,0,9999,2006),(3777,0,0,9999,2006),(3778,0,0,9999,2006),(3779,0,0,9999,2006),(3780,0,0,9999,2006),(3781,0,0,9999,2006),(3782,0,0,9999,2006),(3783,0,0,9999,2006),(3784,0,0,9999,2006),(3785,0,0,9999,2006),(3786,0,0,9999,2006),(3787,0,0,9999,2006),(3788,0,0,9999,2006),(3789,0,0,9999,2006),(3790,0,0,9999,2006),(3791,0,0,9999,2006),(3792,0,0,9999,2006),(3793,0,0,9999,2006),(3794,0,0,9999,2006),(3795,0,0,9999,2006),(3796,0,0,9999,2006),(3797,0,0,9999,2006),(3798,0,0,9999,2006),(3799,0,0,9999,2006),(3800,0,0,9999,2006),(3801,0,0,9999,2006),(3802,0,0,9999,2006),(3803,0,0,9999,2006),(3804,0,0,9999,2006),(3805,0,0,9999,2006),(3806,0,0,9999,2006),(3807,0,0,9999,2006),(3808,0,0,9999,2006),(3809,0,0,9999,2006),(3810,0,0,9999,2006),(3811,0,0,9999,2006),(3812,0,0,9999,2006),(3813,0,0,9999,2006),(3814,0,0,9999,2006),(3815,0,0,9999,2006),(3816,0,0,9999,2006),(3817,0,0,9999,2006),(3818,0,0,9999,2006),(3819,0,0,9999,2006),(3820,0,0,9999,2006),(3821,0,0,9999,2006),(3822,0,0,9999,2006),(3823,0,0,9999,2006),(3824,0,0,9999,2006),(3825,0,0,9999,2006),(3826,0,0,9999,2006),(3827,0,0,9999,2006),(3828,0,0,9999,2006),(3829,0,0,9999,2006),(3830,0,0,9999,2006),(3831,0,0,9999,2006),(3832,0,0,9999,2006),(3833,0,0,9999,2006),(3834,0,0,9999,2006),(3835,0,0,9999,2006),(3836,0,0,9999,2006),(3837,0,0,9999,2006),(3838,0,0,9999,2006),(3839,0,0,9999,2006),(3840,0,0,9999,2006),(3841,0,0,9999,2006),(3842,0,0,9999,2006),(3843,0,0,9999,2006),(3844,0,0,9999,2006),(3845,0,0,9999,2006),(3846,0,0,9999,2006),(3847,0,0,9999,2006),(3848,0,0,9999,2006),(3849,0,0,9999,2006),(3850,0,0,9999,2006),(3851,0,0,9999,2006),(3852,0,0,9999,2006),(3853,0,0,9999,2006),(3854,0,0,9999,2006),(3855,0,0,9999,2006),(3856,0,0,9999,2006),(3857,0,0,9999,2006),(3858,0,0,9999,2006),(3859,0,0,9999,2006),(3860,0,0,9999,2006),(3861,0,0,9999,2006),(3862,0,0,9999,2006),(3863,0,0,9999,2006),(3864,0,0,9999,2006),(3865,0,0,9999,2006),(3866,0,0,9999,2006),(3867,0,0,9999,2006),(3868,0,0,9999,2006),(3869,0,0,9999,2006),(3870,0,0,9999,2006),(3871,0,0,9999,2006),(3872,0,0,9999,2006),(3873,0,0,9999,2006),(3874,0,0,9999,2006),(3875,0,0,9999,2006),(3876,0,0,9999,2006),(3877,0,0,9999,2006),(3878,0,0,9999,2006),(3879,0,0,9999,2006),(3880,0,0,9999,2006),(3881,0,0,9999,2006),(3882,0,0,9999,2006),(3883,0,0,9999,2006),(3884,0,0,9999,2006),(3885,0,0,9999,2006),(3886,0,0,9999,2006),(3887,0,0,9999,2006),(3888,0,0,9999,2006),(3889,0,0,9999,2006),(3890,0,0,9999,2006),(3891,0,0,9999,2006),(3892,0,0,9999,2006),(3893,0,0,9999,2006),(3894,0,0,9999,2006),(3895,0,0,9999,2006),(3896,0,0,9999,2006),(3897,0,0,9999,2006),(3898,0,0,9999,2006),(3899,0,0,9999,2006),(3900,0,0,9999,2006),(3901,0,0,9999,2006),(3902,0,0,9999,2006),(3903,0,0,9999,2006),(3904,0,0,9999,2006),(3905,0,0,9999,2006),(3906,0,0,9999,2006),(3907,0,0,9999,2006),(3908,0,0,9999,2006),(3909,0,0,9999,2006),(3910,0,0,9999,2006),(3911,0,0,9999,2006),(3912,0,0,9999,2006),(3913,0,0,9999,2006),(3914,0,0,9999,2006),(3915,0,0,9999,2006),(3916,0,0,9999,2006),(3917,0,0,9999,2006),(3918,0,0,9999,2006),(3919,0,0,9999,2006),(3920,0,0,9999,2006),(3921,0,0,9999,2006),(3922,0,0,9999,2006),(3923,0,0,9999,2006),(3924,0,0,9999,2006),(3925,0,0,9999,2006),(3926,0,0,9999,2006),(3927,0,0,9999,2006),(3928,0,0,9999,2006),(3929,0,0,9999,2006),(3930,0,0,9999,2006),(3931,0,0,9999,2006),(3932,0,0,9999,2006),(3933,0,0,9999,2006),(3934,0,0,9999,2006),(3935,0,0,9999,2006),(3936,0,0,9999,2006),(3937,0,0,9999,2006),(3938,0,0,9999,2006),(3939,0,0,9999,2006),(3940,0,0,9999,2006),(3941,0,0,9999,2006),(3942,0,0,9999,2006),(3943,0,0,9999,2006),(3944,0,0,9999,2006),(3945,0,0,9999,2006),(3946,0,0,9999,2006),(3947,0,0,9999,2006),(3948,0,0,9999,2006),(3949,0,0,9999,2006),(3950,0,0,9999,2006),(3951,0,0,9999,2006),(3952,0,0,9999,2006),(3953,0,0,9999,2006),(3954,0,0,9999,2006),(3955,0,0,9999,2006),(3956,0,0,9999,2006),(3957,0,0,9999,2006),(3958,0,0,9999,2006),(3959,0,0,9999,2006),(3960,0,0,9999,2006),(3961,0,0,9999,2006),(3962,0,0,9999,2006),(3963,0,0,9999,2006),(3964,0,0,9999,2006),(3965,0,0,9999,2006),(3966,0,0,9999,2006),(3967,0,0,9999,2006),(3968,0,0,9999,2006),(3969,0,0,9999,2006),(3970,0,0,9999,2006),(3971,0,0,9999,2006),(3972,0,0,9999,2006),(3973,0,0,9999,2006),(3974,0,0,9999,2006),(3975,0,0,9999,2006),(3976,0,0,9999,2006),(3977,0,0,9999,2006),(3978,0,0,9999,2006),(3979,0,0,9999,2006),(3980,0,0,9999,2006),(3981,0,0,9999,2006),(3982,0,0,9999,2006),(3983,0,0,9999,2006),(3984,0,0,9999,2006),(3985,0,0,9999,2006),(3986,0,0,9999,2006),(3987,0,0,9999,2006),(3988,0,0,9999,2006),(3989,0,0,9999,2006),(3990,0,0,9999,2006),(3991,0,0,9999,2006),(3992,0,0,9999,2006),(3993,0,0,9999,2006),(3994,0,0,9999,2006),(3995,0,0,9999,2006),(3996,0,0,9999,2006),(3997,0,0,9999,2006),(3998,0,0,9999,2006),(3999,0,0,9999,2006),(4000,0,0,9999,2006),(4001,0,0,9999,2006),(4002,0,0,9999,2006),(4003,0,0,9999,2006),(4004,0,0,9999,2006),(4005,0,0,9999,2006),(4006,0,0,9999,2006),(4007,0,0,9999,2006),(4008,0,0,9999,2006),(4009,0,0,9999,2006),(4010,0,0,9999,2006),(4011,0,0,9999,2006),(4012,0,0,9999,2006),(4013,0,0,9999,2006),(4014,0,0,9999,2006),(4015,0,0,9999,2006),(4016,0,0,9999,2006),(4017,0,0,9999,2006),(4018,0,0,9999,2006),(4019,0,0,9999,2006),(4020,0,0,9999,2006),(4021,0,0,9999,2006),(4022,0,0,9999,2006),(4023,0,0,9999,2006),(4024,0,0,9999,2006),(4025,0,0,9999,2006),(4026,0,0,9999,2006),(4027,0,0,9999,2006),(4028,0,0,9999,2006),(4029,0,0,9999,2006),(4030,0,0,9999,2006),(4031,0,0,9999,2006),(4032,0,0,9999,2006),(4033,0,0,9999,2006),(4034,0,0,9999,2006),(4035,0,0,9999,2006),(4036,0,0,9999,2006),(4037,0,0,9999,2006),(4038,0,0,9999,2006),(4039,0,0,9999,2006),(4040,0,0,9999,2006),(4041,0,0,9999,2006),(4042,0,0,9999,2006),(4043,0,0,9999,2006),(4044,0,0,9999,2006),(4045,0,0,9999,2006),(4046,0,0,9999,2006),(4047,0,0,9999,2006),(4048,0,0,9999,2006),(4049,0,0,9999,2006),(4050,0,0,9999,2006),(4051,0,0,9999,2006),(4052,0,0,9999,2006),(4053,0,0,9999,2006),(4054,0,0,9999,2006),(4055,0,0,9999,2006),(4056,0,0,9999,2006),(4057,0,0,9999,2006),(4058,0,0,9999,2006),(4059,0,0,9999,2006),(4060,0,0,9999,2006),(4061,0,0,9999,2006),(4062,0,0,9999,2006),(4063,0,0,9999,2006),(4064,0,0,9999,2006),(4065,0,0,9999,2006),(4066,0,0,9999,2006),(4067,0,0,9999,2006),(4068,0,0,9999,2006),(4069,0,0,9999,2006),(4070,0,0,9999,2006),(4071,0,0,9999,2006),(4072,0,0,9999,2006),(4073,0,0,9999,2006),(4074,0,0,9999,2006),(4075,0,0,9999,2006),(4076,0,0,9999,2006),(4077,0,0,9999,2006),(4078,0,0,9999,2006),(4079,0,0,9999,2006),(4080,0,0,9999,2006),(4081,0,0,9999,2006),(4082,0,0,9999,2006),(4083,0,0,9999,2006),(4084,0,0,9999,2006),(4085,0,0,9999,2006),(4086,0,0,9999,2006),(4087,0,0,9999,2006),(4088,0,0,9999,2006),(4089,0,0,9999,2006),(4090,0,0,9999,2006),(4091,0,0,9999,2006),(4092,0,0,9999,2006),(4093,0,0,9999,2006),(4094,0,0,9999,2006),(4095,0,0,9999,2006),(4096,0,0,9999,2006),(4097,0,0,9999,2006),(4098,0,0,9999,2006),(4099,0,0,9999,2006),(4100,0,0,9999,2006),(4101,0,0,9999,2006),(4102,0,0,9999,2006),(4103,0,0,9999,2006),(4104,0,0,9999,2006),(4105,0,0,9999,2006),(4106,0,0,9999,2006),(4107,0,0,9999,2006),(4108,0,0,9999,2006),(4109,0,0,9999,2006),(4110,0,0,9999,2006),(4111,0,0,9999,2006),(4112,0,0,9999,2006),(4113,0,0,9999,2006),(4114,0,0,9999,2006),(4115,0,0,9999,2006),(4116,0,0,9999,2006),(4117,0,0,9999,2006),(4118,0,0,9999,2006),(4119,0,0,9999,2006),(4120,0,0,9999,2006),(4121,0,0,9999,2006),(4122,0,0,9999,2006),(4123,0,0,9999,2006),(4124,0,0,9999,2006),(4125,0,0,9999,2006),(4126,0,0,9999,2006),(4127,0,0,9999,2006),(4128,0,0,9999,2006),(4129,0,0,9999,2006),(4130,0,0,9999,2006),(4131,0,0,9999,2006),(4132,0,0,9999,2006),(4133,0,0,9999,2006),(4134,0,0,9999,2006),(4135,0,0,9999,2006),(4136,0,0,9999,2006),(4137,0,0,9999,2006),(4138,0,0,9999,2006),(4139,0,0,9999,2006),(4140,0,0,9999,2006),(4141,0,0,9999,2006),(4142,0,0,9999,2006),(4143,0,0,9999,2006),(4144,0,0,9999,2006),(4145,0,0,9999,2006),(4146,0,0,9999,2006),(4147,0,0,9999,2006),(4148,0,0,9999,2006),(4149,0,0,9999,2006),(4150,0,0,9999,2006),(4151,0,0,9999,2006),(4152,0,0,9999,2006),(4153,0,0,9999,2006),(4154,0,0,9999,2006),(4155,0,0,9999,2006),(4156,0,0,9999,2006),(4157,0,0,9999,2006),(4158,0,0,9999,2006),(4159,0,0,9999,2006),(4160,0,0,9999,2006),(4161,0,0,9999,2006),(4162,0,0,9999,2006),(4163,0,0,9999,2006),(4164,0,0,9999,2006),(4165,0,0,9999,2006),(4166,0,0,9999,2006),(4167,0,0,9999,2006),(4168,0,0,9999,2006),(4169,0,0,9999,2006),(4170,0,0,9999,2006),(4171,0,0,9999,2006),(4172,0,0,9999,2006),(4173,0,0,9999,2006),(4174,0,0,9999,2006),(4175,0,0,9999,2006),(4176,0,0,9999,2006),(4177,0,0,9999,2006),(4178,0,0,9999,2006),(4179,0,0,9999,2006),(4180,0,0,9999,2006),(4181,0,0,9999,2006),(4182,0,0,9999,2006),(4183,0,0,9999,2006),(4184,0,0,9999,2006),(4185,0,0,9999,2006),(4186,0,0,9999,2006),(4187,0,0,9999,2006),(4188,0,0,9999,2006),(4189,0,0,9999,2006),(4190,0,0,9999,2006),(4191,0,0,9999,2006),(4192,0,0,9999,2006),(4193,0,0,9999,2006),(4194,0,0,9999,2006),(4195,0,0,9999,2006),(4196,0,0,9999,2006),(4197,0,0,9999,2006),(4198,0,0,9999,2006),(4199,0,0,9999,2006),(4200,0,0,9999,2006),(4201,0,0,9999,2006),(4202,0,0,9999,2006),(4203,0,0,9999,2006),(4204,0,0,9999,2006),(4205,0,0,9999,2006),(4206,0,0,9999,2006),(4207,0,0,9999,2006),(4208,0,0,9999,2006),(4209,0,0,9999,2006),(4210,0,0,9999,2006),(4211,0,0,9999,2006),(4212,0,0,9999,2006),(4213,0,0,9999,2006),(4214,0,0,9999,2006),(4215,0,0,9999,2006),(4216,0,0,9999,2006),(4217,0,0,9999,2006),(4218,0,0,9999,2006),(4219,0,0,9999,2006),(4220,0,0,9999,2006),(4221,0,0,9999,2006),(4222,0,0,9999,2006),(4223,0,0,9999,2006),(4224,0,0,9999,2006),(4225,0,0,9999,2006),(4226,0,0,9999,2006),(4227,0,0,9999,2006),(4228,0,0,9999,2006),(4229,0,0,9999,2006),(4230,0,0,9999,2006),(4231,0,0,9999,2006),(4232,0,0,9999,2006),(4233,0,0,9999,2006),(4234,0,0,9999,2006),(4235,0,0,9999,2006),(4236,0,0,9999,2006),(4237,0,0,9999,2006),(4238,0,0,9999,2006),(4239,0,0,9999,2006),(4240,0,0,9999,2006),(4241,0,0,9999,2006),(4242,0,0,9999,2006),(4243,0,0,9999,2006),(4244,0,0,9999,2006),(4245,0,0,9999,2006),(4246,0,0,9999,2006),(4247,0,0,9999,2006),(4248,0,0,9999,2006),(4249,0,0,9999,2006),(4250,0,0,9999,2006),(4251,0,0,9999,2006),(4252,0,0,9999,2006),(4253,0,0,9999,2006),(4254,0,0,9999,2006),(4255,0,0,9999,2006),(4256,0,0,9999,2006),(4257,0,0,9999,2006),(4258,0,0,9999,2006),(4259,0,0,9999,2006),(4260,0,0,9999,2006),(4261,0,0,9999,2006),(4262,0,0,9999,2006),(4263,0,0,9999,2006),(4264,0,0,9999,2006),(4265,0,0,9999,2006),(4266,0,0,9999,2006),(4267,0,0,9999,2006),(4268,0,0,9999,2006),(4269,0,0,9999,2006),(4270,0,0,9999,2006),(4271,0,0,9999,2006),(4272,0,0,9999,2006),(4273,0,0,9999,2006),(4274,0,0,9999,2006),(4275,0,0,9999,2006),(4276,0,0,9999,2006),(4277,0,0,9999,2006),(4278,0,0,9999,2006),(4279,0,0,9999,2006),(4280,0,0,9999,2006),(4281,0,0,9999,2006),(4282,0,0,9999,2006),(4283,0,0,9999,2006),(4284,0,0,9999,2006),(4285,0,0,9999,2006),(4286,0,0,9999,2006),(4287,0,0,9999,2006),(4288,0,0,9999,2006),(4289,0,0,9999,2006),(4290,0,0,9999,2006),(4291,0,0,9999,2006),(4292,0,0,9999,2006),(4293,0,0,9999,2006),(4294,0,0,9999,2006),(4295,0,0,9999,2006),(4296,0,0,9999,2006),(4297,0,0,9999,2006),(4298,0,0,9999,2006),(4299,0,0,9999,2006),(4300,0,0,9999,2006),(4301,0,0,9999,2006),(4302,0,0,9999,2006),(4303,0,0,9999,2006),(4304,0,0,9999,2006),(4305,0,0,9999,2006),(4306,0,0,9999,2006),(4307,0,0,9999,2006),(4308,0,0,9999,2006),(4309,0,0,9999,2006),(4310,0,0,9999,2006),(4311,0,0,9999,2006),(4312,0,0,9999,2006),(4313,0,0,9999,2006),(4314,0,0,9999,2006),(4315,0,0,9999,2006),(4316,0,0,9999,2006),(4317,0,0,9999,2006),(4318,0,0,9999,2006),(4319,0,0,9999,2006),(4320,0,0,9999,2006),(4321,0,0,9999,2006),(4322,0,0,9999,2006),(4323,0,0,9999,2006),(4324,0,0,9999,2006),(4325,0,0,9999,2006),(4326,0,0,9999,2006),(4327,0,0,9999,2006),(4328,0,0,9999,2006),(4329,0,0,9999,2006),(4330,0,0,9999,2006),(4331,0,0,9999,2006),(4332,0,0,9999,2006),(4333,0,0,9999,2006),(4334,0,0,9999,2006),(4335,0,0,9999,2006),(4336,0,0,9999,2006),(4337,0,0,9999,2006),(4338,0,0,9999,2006),(4339,0,0,9999,2006),(4340,0,0,9999,2006),(4341,0,0,9999,2006),(4342,0,0,9999,2006),(4343,0,0,9999,2006),(4344,0,0,9999,2006),(4345,0,0,9999,2006),(4346,0,0,9999,2006),(4347,0,0,9999,2006),(4348,0,0,9999,2006),(4349,0,0,9999,2006),(4350,0,0,9999,2006),(4351,0,0,9999,2006),(4352,0,0,9999,2006),(4353,0,0,9999,2006),(4354,0,0,9999,2006),(4355,0,0,9999,2006),(4356,0,0,9999,2006),(4357,0,0,9999,2006),(4358,0,0,9999,2006),(4359,0,0,9999,2006),(4360,0,0,9999,2006),(4361,0,0,9999,2006),(4362,0,0,9999,2006),(4363,0,0,9999,2006),(4364,0,0,9999,2006),(4365,0,0,9999,2006),(4366,0,0,9999,2006),(4367,0,0,9999,2006),(4368,0,0,9999,2006),(4369,0,0,9999,2006),(4370,0,0,9999,2006),(4371,0,0,9999,2006),(4372,0,0,9999,2006),(4373,0,0,9999,2006),(4374,0,0,9999,2006),(4375,0,0,9999,2006),(4376,0,0,9999,2006),(4377,0,0,9999,2006),(4378,0,0,9999,2006),(4379,0,0,9999,2006),(4380,0,0,9999,2006),(4381,0,0,9999,2006),(4382,0,0,9999,2006),(4383,0,0,9999,2006),(4384,0,0,9999,2006),(4385,0,0,9999,2006),(4386,0,0,9999,2006),(4387,0,0,9999,2006),(4388,0,0,9999,2006),(4389,0,0,9999,2006),(4390,0,0,9999,2006),(4391,0,0,9999,2006),(4392,0,0,9999,2006),(4393,0,0,9999,2006),(4394,0,0,9999,2006),(4395,0,0,9999,2006),(4396,0,0,9999,2006),(4397,0,0,9999,2006),(4398,0,0,9999,2006),(4399,0,0,9999,2006),(4400,0,0,9999,2006),(4401,0,0,9999,2006),(4402,0,0,9999,2006),(4403,0,0,9999,2006),(4404,0,0,9999,2006),(4405,0,0,9999,2006),(4406,0,0,9999,2006),(4407,0,0,9999,2006),(4408,0,0,9999,2006),(4409,0,0,9999,2006),(4410,0,0,9999,2006),(4411,0,0,9999,2006),(4412,0,0,9999,2006),(4413,0,0,9999,2006),(4414,0,0,9999,2006),(4415,0,0,9999,2006),(4416,0,0,9999,2006),(4417,0,0,9999,2006),(4418,0,0,9999,2006),(4419,0,0,9999,2006),(4420,0,0,9999,2006),(4421,0,0,9999,2006),(4422,0,0,9999,2006),(4423,0,0,9999,2006),(4424,0,0,9999,2006),(4425,0,0,9999,2006),(4426,0,0,9999,2006),(4427,0,0,9999,2006),(4428,0,0,9999,2006),(4429,0,0,9999,2006),(4430,0,0,9999,2006),(4431,0,0,9999,2006),(4432,0,0,9999,2006),(4433,0,0,9999,2006),(4434,0,0,9999,2006),(4435,0,0,9999,2006),(4436,0,0,9999,2006),(4437,0,0,9999,2006),(4438,0,0,9999,2006),(4439,0,0,9999,2006),(4440,0,0,9999,2006),(4441,0,0,9999,2006),(4442,0,0,9999,2006),(4443,0,0,9999,2006),(4444,0,0,9999,2006),(4445,0,0,9999,2006),(4446,0,0,9999,2006),(4447,0,0,9999,2006),(4448,0,0,9999,2006),(4449,0,0,9999,2006),(4450,0,0,9999,2006),(4451,0,0,9999,2006),(4452,0,0,9999,2006),(4453,0,0,9999,2006),(4454,0,0,9999,2006),(4455,0,0,9999,2006),(4456,0,0,9999,2006),(4457,0,0,9999,2006),(4458,0,0,9999,2006),(4459,0,0,9999,2006),(4460,0,0,9999,2006),(4461,0,0,9999,2006),(4462,0,0,9999,2006),(4463,0,0,9999,2006),(4464,0,0,9999,2006),(4465,0,0,9999,2006),(4466,0,0,9999,2006),(4467,0,0,9999,2006),(4468,0,0,9999,2006),(4469,0,0,9999,2006),(4470,0,0,9999,2006),(4471,0,0,9999,2006),(4472,0,0,9999,2006),(4473,0,0,9999,2006),(4474,0,0,9999,2006),(4475,0,0,9999,2006),(4476,0,0,9999,2006),(4477,0,0,9999,2006),(4478,0,0,9999,2006),(4479,0,0,9999,2006),(4480,0,0,9999,2006),(4481,0,0,9999,2006),(4482,0,0,9999,2006),(4483,0,0,9999,2006),(4484,0,0,9999,2006),(4485,0,0,9999,2006),(4486,0,0,9999,2006),(4487,0,0,9999,2006),(4488,0,0,9999,2006),(4489,0,0,9999,2006),(4490,0,0,9999,2006),(4491,0,0,9999,2006),(4492,0,0,9999,2006),(4493,0,0,9999,2006),(4494,0,0,9999,2006),(4495,0,0,9999,2006),(4496,0,0,9999,2006),(4497,0,0,9999,2006),(4498,0,0,9999,2006),(4499,0,0,9999,2006),(4500,0,0,9999,2006),(4501,0,0,9999,2006),(4502,0,0,9999,2006),(4503,0,0,9999,2006),(4504,0,0,9999,2006),(4505,0,0,9999,2006),(4506,0,0,9999,2006),(4507,0,0,9999,2006),(4508,0,0,9999,2006),(4509,0,0,9999,2006),(4510,0,0,9999,2006),(4511,0,0,9999,2006),(4512,0,0,9999,2006),(4513,0,0,9999,2006),(4514,0,0,9999,2006),(4515,0,0,9999,2006),(4516,0,0,9999,2006),(4517,0,0,9999,2006),(4518,0,0,9999,2006),(4519,0,0,9999,2006),(4520,0,0,9999,2006),(4521,0,0,9999,2006),(4522,0,0,9999,2006),(4523,0,0,9999,2006),(4524,0,0,9999,2006),(4525,0,0,9999,2006),(4526,0,0,9999,2006),(4527,0,0,9999,2006),(4528,0,0,9999,2006),(4529,0,0,9999,2006),(4530,0,0,9999,2006),(4531,0,0,9999,2006),(4532,0,0,9999,2006),(4533,0,0,9999,2006),(4534,0,0,9999,2006),(4535,0,0,9999,2006),(4536,0,0,9999,2006),(4537,0,0,9999,2006),(4538,0,0,9999,2006),(4539,0,0,9999,2006),(4540,0,0,9999,2006),(4541,0,0,9999,2006),(4542,0,0,9999,2006),(4543,0,0,9999,2006),(4544,0,0,9999,2006),(4545,0,0,9999,2006),(4546,0,0,9999,2006),(4547,0,0,9999,2006),(4548,0,0,9999,2006),(4549,0,0,9999,2006),(4550,0,0,9999,2006),(4551,0,0,9999,2006),(4552,0,0,9999,2006),(4553,0,0,9999,2006),(4554,0,0,9999,2006),(4555,0,0,9999,2006),(4556,0,0,9999,2006),(4557,0,0,9999,2006),(4558,0,0,9999,2006),(4559,0,0,9999,2006),(4560,0,0,9999,2006),(4561,0,0,9999,2006),(4562,0,0,9999,2006),(4563,0,0,9999,2006),(4564,0,0,9999,2006),(4565,0,0,9999,2006),(4566,0,0,9999,2006),(4567,0,0,9999,2006),(4568,0,0,9999,2006),(4569,0,0,9999,2006),(4570,0,0,9999,2006),(4571,0,0,9999,2006),(4572,0,0,9999,2006),(4573,0,0,9999,2006),(4574,0,0,9999,2006),(4575,0,0,9999,2006),(4576,0,0,9999,2006),(4577,0,0,9999,2006),(4578,0,0,9999,2006),(4579,0,0,9999,2006),(4580,0,0,9999,2006),(4581,0,0,9999,2006),(4582,0,0,9999,2006),(4583,0,0,9999,2006),(4584,0,0,9999,2006),(4585,0,0,9999,2006),(4586,0,0,9999,2006),(4587,0,0,9999,2006),(4588,0,0,9999,2006),(4589,0,0,9999,2006),(4590,0,0,9999,2006),(4591,0,0,9999,2006),(4592,0,0,9999,2006),(4593,0,0,9999,2006),(4594,0,0,9999,2006),(4595,0,0,9999,2006),(4596,0,0,9999,2006),(4597,0,0,9999,2006),(4598,0,0,9999,2006),(4599,0,0,9999,2006),(4600,0,0,9999,2006),(4601,0,0,9999,2006),(4602,0,0,9999,2006),(4603,0,0,9999,2006),(4604,0,0,9999,2006),(4605,0,0,9999,2006),(4606,0,0,9999,2006),(4607,0,0,9999,2006),(4608,0,0,9999,2006),(4609,0,0,9999,2006),(4610,0,0,9999,2006),(4611,0,0,9999,2006),(4612,0,0,9999,2006),(4613,0,0,9999,2006),(4614,0,0,9999,2006),(4615,0,0,9999,2006),(4616,0,0,9999,2006),(4617,0,0,9999,2006),(4618,0,0,9999,2006),(4619,0,0,9999,2006),(4620,0,0,9999,2006),(4621,0,0,9999,2006),(4622,0,0,9999,2006),(4623,0,0,9999,2006),(4624,0,0,9999,2006),(4625,0,0,9999,2006),(4626,0,0,9999,2006),(4627,0,0,9999,2006),(4628,0,0,9999,2006),(4629,0,0,9999,2006),(4630,0,0,9999,2006),(4631,0,0,9999,2006),(4632,0,0,9999,2006),(4633,0,0,9999,2006),(4634,0,0,9999,2006),(4635,0,0,9999,2006),(4636,0,0,9999,2006),(4637,0,0,9999,2006),(4638,0,0,9999,2006),(4639,0,0,9999,2006),(4640,0,0,9999,2006),(4641,0,0,9999,2006),(4642,0,0,9999,2006),(4643,0,0,9999,2006),(4644,0,0,9999,2006),(4645,0,0,9999,2006),(4646,0,0,9999,2006),(4647,0,0,9999,2006),(4648,0,0,9999,2006),(4649,0,0,9999,2006),(4650,0,0,9999,2006),(4651,0,0,9999,2006),(4652,0,0,9999,2006),(4653,0,0,9999,2006),(4654,0,0,9999,2006),(4655,0,0,9999,2006),(4656,0,0,9999,2006),(4657,0,0,9999,2006),(4658,0,0,9999,2006),(4659,0,0,9999,2006),(4660,0,0,9999,2006),(4661,0,0,9999,2006),(4662,0,0,9999,2006),(4663,0,0,9999,2006),(4664,0,0,9999,2006),(4665,0,0,9999,2006),(4666,0,0,9999,2006),(4667,0,0,9999,2006),(4668,0,0,9999,2006),(4669,0,0,9999,2006),(4670,0,0,9999,2006),(4671,0,0,9999,2006),(4672,0,0,9999,2006),(4673,0,0,9999,2006),(4674,0,0,9999,2006),(4675,0,0,9999,2006),(4676,0,0,9999,2006),(4677,0,0,9999,2006),(4678,0,0,9999,2006),(4679,0,0,9999,2006),(4680,0,0,9999,2006),(4681,0,0,9999,2006),(4682,0,0,9999,2006),(4683,0,0,9999,2006),(4684,0,0,9999,2006),(4685,0,0,9999,2006),(4686,0,0,9999,2006),(4687,0,0,9999,2006),(4688,0,0,9999,2006),(4689,0,0,9999,2006),(4690,0,0,9999,2006),(4691,0,0,9999,2006),(4692,0,0,9999,2006),(4693,0,0,9999,2006),(4694,0,0,9999,2006),(4695,0,0,9999,2006),(4696,0,0,9999,2006),(4697,0,0,9999,2006),(4698,0,0,9999,2006),(4699,0,0,9999,2006),(4700,0,0,9999,2006),(4701,0,0,9999,2006),(4702,0,0,9999,2006),(4703,0,0,9999,2006),(4704,0,0,9999,2006),(4705,0,0,9999,2006),(4706,0,0,9999,2006),(4707,0,0,9999,2006),(4708,0,0,9999,2006),(4709,0,0,9999,2006),(4710,0,0,9999,2006),(4711,0,0,9999,2006),(4712,0,0,9999,2006),(4713,0,0,9999,2006),(4714,0,0,9999,2006),(4715,0,0,9999,2006),(4716,0,0,9999,2006),(4717,0,0,9999,2006),(4718,0,0,9999,2006),(4719,0,0,9999,2006),(4720,0,0,9999,2006),(4721,0,0,9999,2006),(4722,0,0,9999,2006),(4723,0,0,9999,2006),(4724,0,0,9999,2006),(4725,0,0,9999,2006),(4726,0,0,9999,2006),(4727,0,0,9999,2006),(4728,0,0,9999,2006),(4729,0,0,9999,2006),(4730,0,0,9999,2006),(4731,0,0,9999,2006),(4732,0,0,9999,2006),(4733,0,0,9999,2006),(4734,0,0,9999,2006),(4735,0,0,9999,2006),(4736,0,0,9999,2006),(4737,0,0,9999,2006),(4738,0,0,9999,2006),(4739,0,0,9999,2006),(4740,0,0,9999,2006),(4741,0,0,9999,2006),(4742,0,0,9999,2006),(4743,0,0,9999,2006),(4744,0,0,9999,2006),(4745,0,0,9999,2006),(4746,0,0,9999,2006),(4747,0,0,9999,2006),(4748,0,0,9999,2006),(4749,0,0,9999,2006),(4750,0,0,9999,2006),(4751,0,0,9999,2006),(4752,0,0,9999,2006),(4753,0,0,9999,2006),(4754,0,0,9999,2006),(4755,0,0,9999,2006),(4756,0,0,9999,2006),(4757,0,0,9999,2006),(4758,0,0,9999,2006),(4759,0,0,9999,2006),(4760,0,0,9999,2006),(4761,0,0,9999,2006),(4762,0,0,9999,2006),(4763,0,0,9999,2006),(4764,0,0,9999,2006),(4765,0,0,9999,2006),(4766,0,0,9999,2006),(4767,0,0,9999,2006),(4768,0,0,9999,2006),(4769,0,0,9999,2006),(4770,0,0,9999,2006),(4771,0,0,9999,2006),(4772,0,0,9999,2006),(4773,0,0,9999,2006),(4774,0,0,9999,2006),(4775,0,0,9999,2006),(4776,0,0,9999,2006),(4777,0,0,9999,2006),(4778,0,0,9999,2006),(4779,0,0,9999,2006),(4780,0,0,9999,2006),(4781,0,0,9999,2006),(4782,0,0,9999,2006),(4783,0,0,9999,2006),(4784,0,0,9999,2006),(4785,0,0,9999,2006),(4786,0,0,9999,2006),(4787,0,0,9999,2006),(4788,0,0,9999,2006),(4789,0,0,9999,2006),(4790,0,0,9999,2006),(4791,0,0,9999,2006),(4792,0,0,9999,2006),(4793,0,0,9999,2006),(4794,0,0,9999,2006),(4795,0,0,9999,2006),(4796,0,0,9999,2006),(4797,0,0,9999,2006),(4798,0,0,9999,2006),(4799,0,0,9999,2006),(4800,0,0,9999,2006),(4801,0,0,9999,2006),(4802,0,0,9999,2006),(4803,0,0,9999,2006),(4804,0,0,9999,2006),(4805,0,0,9999,2006),(4806,0,0,9999,2006),(4807,0,0,9999,2006),(4808,0,0,9999,2006),(4809,0,0,9999,2006),(4810,0,0,9999,2006),(4811,0,0,9999,2006),(4812,0,0,9999,2006),(4813,0,0,9999,2006),(4814,0,0,9999,2006),(4815,0,0,9999,2006),(4816,0,0,9999,2006),(4817,0,0,9999,2006),(4818,0,0,9999,2006),(4819,0,0,9999,2006),(4820,0,0,9999,2006),(4821,0,0,9999,2006),(4822,0,0,9999,2006),(4823,0,0,9999,2006),(4824,0,0,9999,2006),(4825,0,0,9999,2006),(4826,0,0,9999,2006),(4827,0,0,9999,2006),(4828,0,0,9999,2006),(4829,0,0,9999,2006),(4830,0,0,9999,2006),(4831,0,0,9999,2006),(4832,0,0,9999,2006),(4833,0,0,9999,2006),(4834,0,0,9999,2006),(4835,0,0,9999,2006),(4836,0,0,9999,2006),(4837,0,0,9999,2006),(4838,0,0,9999,2006),(4839,0,0,9999,2006),(4840,0,0,9999,2006),(4841,0,0,9999,2006),(4842,0,0,9999,2006),(4843,0,0,9999,2006),(4844,0,0,9999,2006),(4845,0,0,9999,2006),(4846,0,0,9999,2006),(4847,0,0,9999,2006),(4848,0,0,9999,2006),(4849,0,0,9999,2006),(4850,0,0,9999,2006),(4851,0,0,9999,2006),(4852,0,0,9999,2006),(4853,0,0,9999,2006),(4854,0,0,9999,2006),(4855,0,0,9999,2006),(4856,0,0,9999,2006),(4857,0,0,9999,2006),(4858,0,0,9999,2006),(4859,0,0,9999,2006),(4860,0,0,9999,2006),(4861,0,0,9999,2006),(4862,0,0,9999,2006),(4863,0,0,9999,2006),(4864,0,0,9999,2006),(4865,0,0,9999,2006),(4866,0,0,9999,2006),(4867,0,0,9999,2006),(4868,0,0,9999,2006),(4869,0,0,9999,2006),(4870,0,0,9999,2006),(4871,0,0,9999,2006),(4872,0,0,9999,2006),(4873,0,0,9999,2006),(4874,0,0,9999,2006),(4875,0,0,9999,2006),(4876,0,0,9999,2006),(4877,0,0,9999,2006),(4878,0,0,9999,2006),(4879,0,0,9999,2006),(4880,0,0,9999,2006),(4881,0,0,9999,2006),(4882,0,0,9999,2006),(4883,0,0,9999,2006),(4884,0,0,9999,2006),(4885,0,0,9999,2006),(4886,0,0,9999,2006),(4887,0,0,9999,2006),(4888,0,0,9999,2006),(4889,0,0,9999,2006),(4890,0,0,9999,2006),(4891,0,0,9999,2006),(4892,0,0,9999,2006),(4893,0,0,9999,2006),(4894,0,0,9999,2006),(4895,0,0,9999,2006),(4896,0,0,9999,2006),(4897,0,0,9999,2006),(4898,0,0,9999,2006),(4899,0,0,9999,2006),(4900,0,0,9999,2006),(4901,0,0,9999,2006),(4902,0,0,9999,2006),(4903,0,0,9999,2006),(4904,0,0,9999,2006),(4905,0,0,9999,2006),(4906,0,0,9999,2006),(4907,0,0,9999,2006),(4908,0,0,9999,2006),(4909,0,0,9999,2006),(4910,0,0,9999,2006),(4911,0,0,9999,2006),(4912,0,0,9999,2006),(4913,0,0,9999,2006),(4914,0,0,9999,2006),(4915,0,0,9999,2006),(4916,0,0,9999,2006),(4917,0,0,9999,2006),(4918,0,0,9999,2006),(4919,0,0,9999,2006),(4920,0,0,9999,2006),(4921,0,0,9999,2006),(4922,0,0,9999,2006),(4923,0,0,9999,2006),(4924,0,0,9999,2006),(4925,0,0,9999,2006),(4926,0,0,9999,2006),(4927,0,0,9999,2006),(4928,0,0,9999,2006),(4929,0,0,9999,2006),(4930,0,0,9999,2006),(4931,0,0,9999,2006),(4932,0,0,9999,2006),(4933,0,0,9999,2006),(4934,0,0,9999,2006),(4935,0,0,9999,2006),(4936,0,0,9999,2006),(4937,0,0,9999,2006),(4938,0,0,9999,2006),(4939,0,0,9999,2006),(4940,0,0,9999,2006),(4941,0,0,9999,2006),(4942,0,0,9999,2006),(4943,0,0,9999,2006),(4944,0,0,9999,2006),(4945,0,0,9999,2006),(4946,0,0,9999,2006),(4947,0,0,9999,2006),(4948,0,0,9999,2006),(4949,0,0,9999,2006),(4950,0,0,9999,2006),(4951,0,0,9999,2006),(4952,0,0,9999,2006),(4953,0,0,9999,2006),(4954,0,0,9999,2006),(4955,0,0,9999,2006),(4956,0,0,9999,2006),(4957,0,0,9999,2006),(4958,0,0,9999,2006),(4959,0,0,9999,2006),(4960,0,0,9999,2006),(4961,0,0,9999,2006),(4962,0,0,9999,2006),(4963,0,0,9999,2006),(4964,0,0,9999,2006),(4965,0,0,9999,2006),(4966,0,0,9999,2006),(4967,0,0,9999,2006),(4968,0,0,9999,2006),(4969,0,0,9999,2006),(4970,0,0,9999,2006),(4971,0,0,9999,2006),(4972,0,0,9999,2006),(4973,0,0,9999,2006),(4974,0,0,9999,2006),(4975,0,0,9999,2006),(4976,0,0,9999,2006),(4977,0,0,9999,2006),(4978,0,0,9999,2006),(4979,0,0,9999,2006),(4980,0,0,9999,2006),(4981,0,0,9999,2006),(4982,0,0,9999,2006),(4983,0,0,9999,2006),(4984,0,0,9999,2006),(4985,0,0,9999,2006),(4986,0,0,9999,2006),(4987,0,0,9999,2006),(4988,0,0,9999,2006),(4989,0,0,9999,2006),(4990,0,0,9999,2006),(4991,0,0,9999,2006),(4992,0,0,9999,2006),(4993,0,0,9999,2006),(4994,0,0,9999,2006),(4995,0,0,9999,2006),(4996,0,0,9999,2006),(4997,0,0,9999,2006),(4998,0,0,9999,2006),(4999,0,0,9999,2006),(5000,0,0,9999,2006),(5001,0,0,9999,2006),(5002,0,0,9999,2006),(5003,0,0,9999,2006),(5004,0,0,9999,2006),(5005,0,0,9999,2006),(5006,0,0,9999,2006),(5007,0,0,9999,2006),(5008,0,0,9999,2006),(5009,0,0,9999,2006),(5010,0,0,9999,2006),(5011,0,0,9999,2006),(5012,0,0,9999,2006),(5013,0,0,9999,2006),(5014,0,0,9999,2006),(5015,0,0,9999,2006),(5016,0,0,9999,2006),(5017,0,0,9999,2006),(5018,0,0,9999,2006),(5019,0,0,9999,2006),(5020,0,0,9999,2006),(5021,0,0,9999,2006),(5022,0,0,9999,2006),(5023,0,0,9999,2006),(5024,0,0,9999,2006),(5025,0,0,9999,2006),(5026,0,0,9999,2006),(5027,0,0,9999,2006),(5028,0,0,9999,2006),(5029,0,0,9999,2006),(5030,0,0,9999,2006),(5031,0,0,9999,2006),(5032,0,0,9999,2006),(5033,0,0,9999,2006),(5034,0,0,9999,2006),(5035,0,0,9999,2006),(5036,0,0,9999,2006),(5037,0,0,9999,2006),(5038,0,0,9999,2006),(5039,0,0,9999,2006),(5040,0,0,9999,2006),(5041,0,0,9999,2006),(5042,0,0,9999,2006),(5043,0,0,9999,2006),(5044,0,0,9999,2006),(5045,0,0,9999,2006),(5046,0,0,9999,2006),(5047,0,0,9999,2006),(5048,0,0,9999,2006),(5049,0,0,9999,2006),(5050,0,0,9999,2006),(5051,0,0,9999,2006),(5052,0,0,9999,2006),(5053,0,0,9999,2006),(5054,0,0,9999,2006),(5055,0,0,9999,2006),(5056,0,0,9999,2006),(5057,0,0,9999,2006),(5058,0,0,9999,2006),(5059,0,0,9999,2006),(5060,0,0,9999,2006),(5061,0,0,9999,2006),(5062,0,0,9999,2006),(5063,0,0,9999,2006),(5064,0,0,9999,2006),(5065,0,0,9999,2006),(5066,0,0,9999,2006),(5067,0,0,9999,2006),(5068,0,0,9999,2006),(5069,0,0,9999,2006),(5070,0,0,9999,2006),(5071,0,0,9999,2006),(5072,0,0,9999,2006),(5073,0,0,9999,2006),(5074,0,0,9999,2006),(5075,0,0,9999,2006),(5076,0,0,9999,2006),(5077,0,0,9999,2006),(5078,0,0,9999,2006),(5079,0,0,9999,2006),(5080,0,0,9999,2006),(5081,0,0,9999,2006),(5082,0,0,9999,2006),(5083,0,0,9999,2006),(5084,0,0,9999,2006),(5085,0,0,9999,2006),(5086,0,0,9999,2006),(5087,0,0,9999,2006),(5088,0,0,9999,2006),(5089,0,0,9999,2006),(5090,0,0,9999,2006),(5091,0,0,9999,2006),(5092,0,0,9999,2006),(5093,0,0,9999,2006),(5094,0,0,9999,2006),(5095,0,0,9999,2006),(5096,0,0,9999,2006),(5097,0,0,9999,2006),(5098,0,0,9999,2006),(5099,0,0,9999,2006),(5100,0,0,9999,2006),(5101,0,0,9999,2006),(5102,0,0,9999,2006),(5103,0,0,9999,2006),(5104,0,0,9999,2006),(5105,0,0,9999,2006),(5106,0,0,9999,2006),(5107,0,0,9999,2006),(5108,0,0,9999,2006),(5109,0,0,9999,2006),(5110,0,0,9999,2006),(5111,0,0,9999,2006),(5112,0,0,9999,2006),(5113,0,0,9999,2006),(5114,0,0,9999,2006),(5115,0,0,9999,2006),(5116,0,0,9999,2006),(5117,0,0,9999,2006),(5118,0,0,9999,2006),(5119,0,0,9999,2006),(5120,0,0,9999,2006),(5121,0,0,9999,2006),(5122,0,0,9999,2006),(5123,0,0,9999,2006),(5124,0,0,9999,2006),(5125,0,0,9999,2006),(5126,0,0,9999,2006),(5127,0,0,9999,2006),(5128,0,0,9999,2006),(5129,0,0,9999,2006),(5130,0,0,9999,2006),(5131,0,0,9999,2006),(5132,0,0,9999,2006),(5133,0,0,9999,2006),(5134,0,0,9999,2006),(5135,0,0,9999,2006),(5136,0,0,9999,2006),(5137,0,0,9999,2006),(5138,0,0,9999,2006),(5139,0,0,9999,2006),(5140,0,0,9999,2006),(5141,0,0,9999,2006),(5142,0,0,9999,2006),(5143,0,0,9999,2006),(5144,0,0,9999,2006),(5145,0,0,9999,2006),(5146,0,0,9999,2006),(5147,0,0,9999,2006),(5148,0,0,9999,2006),(5149,0,0,9999,2006),(5150,0,0,9999,2006),(5151,0,0,9999,2006),(5152,0,0,9999,2006),(5153,0,0,9999,2006),(5154,0,0,9999,2006),(5155,0,0,9999,2006),(5156,0,0,9999,2006),(5157,0,0,9999,2006),(5158,0,0,9999,2006),(5159,0,0,9999,2006),(5160,0,0,9999,2006),(5161,0,0,9999,2006),(5162,0,0,9999,2006),(5163,0,0,9999,2006),(5164,0,0,9999,2006),(5165,0,0,9999,2006),(5166,0,0,9999,2006),(5167,0,0,9999,2006),(5168,0,0,9999,2006),(5169,0,0,9999,2006),(5170,0,0,9999,2006),(5171,0,0,9999,2006),(5172,0,0,9999,2006),(5173,0,0,9999,2006),(5174,0,0,9999,2006),(5175,0,0,9999,2006),(5176,0,0,9999,2006),(5177,0,0,9999,2006),(5178,0,0,9999,2006),(5179,0,0,9999,2006),(5180,0,0,9999,2006),(5181,0,0,9999,2006),(5182,0,0,9999,2006),(5183,0,0,9999,2006),(5184,0,0,9999,2006),(5185,0,0,9999,2006),(5186,0,0,9999,2006),(5187,0,0,9999,2006),(5188,0,0,9999,2006),(5189,0,0,9999,2006),(5190,0,0,9999,2006),(5191,0,0,9999,2006),(5192,0,0,9999,2006),(5193,0,0,9999,2006),(5194,0,0,9999,2006),(5195,0,0,9999,2006),(5196,0,0,9999,2006),(5197,0,0,9999,2006),(5198,0,0,9999,2006),(5199,0,0,9999,2006),(5200,0,0,9999,2006),(5201,0,0,9999,2006),(5202,0,0,9999,2006),(5203,0,0,9999,2006),(5204,0,0,9999,2006),(5205,0,0,9999,2006),(5206,0,0,9999,2006),(5207,0,0,9999,2006),(5208,0,0,9999,2006),(5209,0,0,9999,2006),(5210,0,0,9999,2006),(5211,0,0,9999,2006),(5212,0,0,9999,2006),(5213,0,0,9999,2006),(5214,0,0,9999,2006),(5215,0,0,9999,2006),(5216,0,0,9999,2006),(5217,0,0,9999,2006),(5218,0,0,9999,2006),(5219,0,0,9999,2006),(5220,0,0,9999,2006),(5221,0,0,9999,2006),(5222,0,0,9999,2006),(5223,0,0,9999,2006),(5224,0,0,9999,2006),(5225,0,0,9999,2006),(5226,0,0,9999,2006),(5227,0,0,9999,2006),(5228,0,0,9999,2006),(5229,0,0,9999,2006),(5230,0,0,9999,2006),(5231,0,0,9999,2006),(5232,0,0,9999,2006),(5233,0,0,9999,2006),(5234,0,0,9999,2006),(5235,0,0,9999,2006),(5236,0,0,9999,2006),(5237,0,0,9999,2006),(5238,0,0,9999,2006),(5239,0,0,9999,2006),(5240,0,0,9999,2006),(5241,0,0,9999,2006),(5242,0,0,9999,2006),(5243,0,0,9999,2006),(5244,0,0,9999,2006),(5245,0,0,9999,2006),(5246,0,0,9999,2006),(5247,0,0,9999,2006),(5248,0,0,9999,2006),(5249,0,0,9999,2006),(5250,0,0,9999,2006),(5251,0,0,9999,2006),(5252,0,0,9999,2006),(5253,0,0,9999,2006),(5254,0,0,9999,2006),(5255,0,0,9999,2006),(5256,0,0,9999,2006),(5257,0,0,9999,2006),(5258,0,0,9999,2006),(5259,0,0,9999,2006),(5260,0,0,9999,2006),(5261,0,0,9999,2006),(5262,0,0,9999,2006),(5263,0,0,9999,2006),(5264,0,0,9999,2006),(5265,0,0,9999,2006),(5266,0,0,9999,2006),(5267,0,0,9999,2006),(5268,0,0,9999,2006),(5269,0,0,9999,2006),(5270,0,0,9999,2006),(5271,0,0,9999,2006),(5272,0,0,9999,2006),(5273,0,0,9999,2006),(5274,0,0,9999,2006),(5275,0,0,9999,2006),(5276,0,0,9999,2006),(5277,0,0,9999,2006),(5278,0,0,9999,2006),(5279,0,0,9999,2006),(5280,0,0,9999,2006),(5281,0,0,9999,2006),(5282,0,0,9999,2006),(5283,0,0,9999,2006),(5284,0,0,9999,2006),(5285,0,0,9999,2006),(5286,0,0,9999,2006),(5287,0,0,9999,2006),(5288,0,0,9999,2006),(5289,0,0,9999,2006),(5290,0,0,9999,2006),(5291,0,0,9999,2006),(5292,0,0,9999,2006),(5293,0,0,9999,2006),(5294,0,0,9999,2006),(5295,0,0,9999,2006),(5296,0,0,9999,2006),(5297,0,0,9999,2006),(5298,0,0,9999,2006),(5299,0,0,9999,2006),(5300,0,0,9999,2006),(5301,0,0,9999,2006),(5302,0,0,9999,2006),(5303,0,0,9999,2006),(5304,0,0,9999,2006),(5305,0,0,9999,2006),(5306,0,0,9999,2006),(5307,0,0,9999,2006),(5308,0,0,9999,2006),(5309,0,0,9999,2006),(5310,0,0,9999,2006),(5311,0,0,9999,2006),(5312,0,0,9999,2006),(5313,0,0,9999,2006),(5314,0,0,9999,2006),(5315,0,0,9999,2006),(5316,0,0,9999,2006),(5317,0,0,9999,2006),(5318,0,0,9999,2006),(5319,0,0,9999,2006),(5320,0,0,9999,2006),(5321,0,0,9999,2006),(5322,0,0,9999,2006),(5323,0,0,9999,2006),(5324,0,0,9999,2006),(5325,0,0,9999,2006),(5326,0,0,9999,2006),(5327,0,0,9999,2006),(5328,0,0,9999,2006),(5329,0,0,9999,2006),(5330,0,0,9999,2006),(5331,0,0,9999,2006),(5332,0,0,9999,2006),(5333,0,0,9999,2006),(5334,0,0,9999,2006),(5335,0,0,9999,2006),(5336,0,0,9999,2006),(5337,0,0,9999,2006),(5338,0,0,9999,2006),(5339,0,0,9999,2006),(5340,0,0,9999,2006),(5341,0,0,9999,2006),(5342,0,0,9999,2006),(5343,0,0,9999,2006),(5344,0,0,9999,2006),(5345,0,0,9999,2006),(5346,0,0,9999,2006),(5347,0,0,9999,2006),(5348,0,0,9999,2006),(5349,0,0,9999,2006),(5350,0,0,9999,2006),(5351,0,0,9999,2006),(5352,0,0,9999,2006),(5353,0,0,9999,2006),(5354,0,0,9999,2006),(5355,0,0,9999,2006),(5356,0,0,9999,2006),(5357,0,0,9999,2006),(5358,0,0,9999,2006),(5359,0,0,9999,2006),(5360,0,0,9999,2006),(5361,0,0,9999,2006),(5362,0,0,9999,2006),(5363,0,0,9999,2006),(5364,0,0,9999,2006),(5365,0,0,9999,2006),(5366,0,0,9999,2006),(5367,0,0,9999,2006),(5368,0,0,9999,2006),(5369,0,0,9999,2006),(5370,0,0,9999,2006),(5371,0,0,9999,2006),(5372,0,0,9999,2006),(5373,0,0,9999,2006),(5374,0,0,9999,2006),(5375,0,0,9999,2006),(5376,0,0,9999,2006),(5377,0,0,9999,2006),(5378,0,0,9999,2006),(5379,0,0,9999,2006),(5380,0,0,9999,2006),(5381,0,0,9999,2006),(5382,0,0,9999,2006),(5383,0,0,9999,2006),(5384,0,0,9999,2006),(5385,0,0,9999,2006),(5386,0,0,9999,2006),(5387,0,0,9999,2006),(5388,0,0,9999,2006),(5389,0,0,9999,2006),(5390,0,0,9999,2006),(5391,0,0,9999,2006),(5392,0,0,9999,2006),(5393,0,0,9999,2006),(5394,0,0,9999,2006),(5395,0,0,9999,2006),(5396,0,0,9999,2006),(5397,0,0,9999,2006),(5398,0,0,9999,2006),(5399,0,0,9999,2006),(5400,0,0,9999,2006),(5401,0,0,9999,2006),(5402,0,0,9999,2006),(5403,0,0,9999,2006),(5404,0,0,9999,2006),(5405,0,0,9999,2006),(5406,0,0,9999,2006),(5407,0,0,9999,2006),(5408,0,0,9999,2006),(5409,0,0,9999,2006),(5410,0,0,9999,2006),(5411,0,0,9999,2006),(5412,0,0,9999,2006),(5413,0,0,9999,2006),(5414,0,0,9999,2006),(5418,999999,0,10,11001),(5419,999999,0,1,6001),(5420,430121,0,1,13001),(5421,430121,0,2,13004),(5422,999999,0,15,6002),(5423,440200,0,1,1001),(5425,440200,0,2,6001),(5426,440222,0,1,13004),(5427,440222,0,2,13005),(5428,440222,0,3,6002),(5430,110100,0,1,2006);
/*!40000 ALTER TABLE `area_game_list` ENABLE KEYS */;
UNLOCK TABLES;

--
-- Table structure for table `card_test_cfg`
--

DROP TABLE IF EXISTS `card_test_cfg`;
/*!40101 SET @saved_cs_client     = @@character_set_client */;
/*!40101 SET character_set_client = utf8 */;
CREATE TABLE `card_test_cfg` (
  `id` int(11) NOT NULL AUTO_INCREMENT COMMENT '自增id',
  `game_type` int(11) NOT NULL DEFAULT '0' COMMENT '游戏类型',
  `play_type` int(11) NOT NULL DEFAULT '0' COMMENT '游戏玩法',
  `cards` varchar(2048) NOT NULL DEFAULT '' COMMENT '配置牌型',
  `remark` varchar(128) NOT NULL DEFAULT '' COMMENT '备注',
  `status` tinyint(4) NOT NULL DEFAULT '0' COMMENT '0-不生效，1-生效',
  PRIMARY KEY (`id`)
) ENGINE=InnoDB AUTO_INCREMENT=11 DEFAULT CHARSET=utf8 COMMENT='配置游戏牌型';
/*!40101 SET character_set_client = @saved_cs_client */;

--
-- Dumping data for table `card_test_cfg`
--

LOCK TABLES `card_test_cfg` WRITE;
/*!40000 ALTER TABLE `card_test_cfg` DISABLE KEYS */;
INSERT INTO `card_test_cfg` VALUES (9,11,1,'[[12,11,10,8,7,39,40,26,27,28,55,56,58,59,44],[35,4,5,6,36,38,51,52,54,2,21,37,53,1,33],[17,18,20,22,24,25,34,41,49,50,57,45,13,29,60]]','跑得快',0),(10,6,2,'[[41,9,25,1,33]]','',0);
/*!40000 ALTER TABLE `card_test_cfg` ENABLE KEYS */;
UNLOCK TABLES;

--
-- Table structure for table `diamond_coin`
--

DROP TABLE IF EXISTS `diamond_coin`;
/*!40101 SET @saved_cs_client     = @@character_set_client */;
/*!40101 SET character_set_client = utf8 */;
CREATE TABLE `diamond_coin` (
  `id` int(11) NOT NULL AUTO_INCREMENT COMMENT '钻石兑换金币自增id',
  `diamond` int(11) NOT NULL DEFAULT '0' COMMENT '钻石数',
  `coin` int(11) NOT NULL DEFAULT '0' COMMENT '金币数',
  `title` varchar(16) NOT NULL DEFAULT '' COMMENT '商品标题',
  `sub_title` varchar(16) NOT NULL DEFAULT '' COMMENT '商品副标题',
  PRIMARY KEY (`id`),
  KEY `diamond` (`diamond`)
) ENGINE=InnoDB AUTO_INCREMENT=2 DEFAULT CHARSET=utf8;
/*!40101 SET character_set_client = @saved_cs_client */;

--
-- Dumping data for table `diamond_coin`
--

LOCK TABLES `diamond_coin` WRITE;
/*!40000 ALTER TABLE `diamond_coin` DISABLE KEYS */;
INSERT INTO `diamond_coin` VALUES (1,6,36000,'1:6000','');
/*!40000 ALTER TABLE `diamond_coin` ENABLE KEYS */;
UNLOCK TABLES;

--
-- Table structure for table `game_list`
--

DROP TABLE IF EXISTS `game_list`;
/*!40101 SET @saved_cs_client     = @@character_set_client */;
/*!40101 SET character_set_client = utf8 */;
CREATE TABLE `game_list` (
  `game_id` smallint(6) NOT NULL DEFAULT '0' COMMENT '游戏id',
  `type` tinyint(4) NOT NULL DEFAULT '0' COMMENT '1-麻将,2-扑克,3-字牌,4-其他',
  `name` varchar(32) NOT NULL DEFAULT '' COMMENT '游戏名字',
  `game_type` tinyint(11) NOT NULL DEFAULT '0' COMMENT '游戏大类型',
  `play_type` tinyint(11) NOT NULL DEFAULT '0' COMMENT '游戏子类型',
  `package_url` varchar(128) NOT NULL DEFAULT '' COMMENT '游戏包下载地址',
  `version` varchar(32) NOT NULL DEFAULT '' COMMENT '游戏版本',
  `test_version` varchar(32) NOT NULL DEFAULT '' COMMENT '测试版本号',
  `app_version` varchar(32) NOT NULL DEFAULT '1.0.0.1' COMMENT 'app版本(大厅版本)',
  `ios_version` varchar(32) NOT NULL DEFAULT '' COMMENT 'ios大厅版本',
  `logo_url` varchar(128) NOT NULL DEFAULT '' COMMENT 'logo图片url地址',
  `main` varchar(64) NOT NULL DEFAULT '' COMMENT '主类',
  `show` tinyint(4) NOT NULL DEFAULT '1' COMMENT '1-大厅与俱乐部都显示,2-只在俱乐部显示',
  `user_vip` tinyint(4) NOT NULL DEFAULT '0' COMMENT '用户等级，什么用户等级才可以看到此游戏',
  `size` varchar(8) NOT NULL DEFAULT '' COMMENT '游戏包大小',
  `is_publish` tinyint(4) NOT NULL DEFAULT '0' COMMENT '是否发布上线了,1-上线，0-未上线',
  `publish_time` int(11) NOT NULL DEFAULT '0' COMMENT '发布时间',
  `modify_time` int(11) NOT NULL DEFAULT '0' COMMENT '更新时间',
  `is_delete` tinyint(4) NOT NULL DEFAULT '0' COMMENT '是否已经删除，1-是,0-否',
  `is_contest` tinyint(4) NOT NULL DEFAULT '0' COMMENT '此游戏是否可以上下分进行比赛,0-不可上下分, 1-可上下分',
  `is_test` tinyint(4) NOT NULL DEFAULT '0' COMMENT '是否为公测, 0-否，1-是, 默认为否',
  PRIMARY KEY (`game_id`),
  UNIQUE KEY `game_play` (`game_type`,`play_type`) USING BTREE,
  KEY `is_publish` (`is_publish`) USING BTREE,
  KEY `user_vip` (`user_vip`) USING BTREE,
  KEY `is_delete_type` (`is_delete`,`type`) USING BTREE
) ENGINE=InnoDB DEFAULT CHARSET=utf8 COMMENT='所有的游戏列表';
/*!40101 SET character_set_client = @saved_cs_client */;

--
-- Dumping data for table `game_list`
--

LOCK TABLES `game_list` WRITE;
/*!40000 ALTER TABLE `game_list` DISABLE KEYS */;
INSERT INTO `game_list` VALUES (1001,2,'斗地主',1,1,'/client/game/landlord/updateZip/assets/full_debug.zip','aaa','aaa','1.0.0.1','1.0.0.1','client/icon/landlord_180.png','game.landlord.LandLordManager',1,0,'15',1,1524920259,0,0,0,0),(2001,3,'十胡卡',2,1,'/client/game/paohuzi/updateZip/assets/full_debug.zip','sad','asd','1.0.0.1','1.0.0.1','/client/icon/paohuzi_180.png','game.paohuzi.PaohuziManager',1,0,'10',1,1525439452,0,0,0,0),(2002,3,'郴州字牌',2,2,'/client/game/paohuzi/updateZip/assets/full_debug.zip','1.0.0.0','1.0.0.0','1.0.0.0','1.0.0.0','/client/icon/chouzhou_paohuzi.png','game.chenzhouzipai.SubGameManager',1,0,'13',1,1530256758,0,0,0,0),(2004,3,'邵阳剥皮',2,4,'/client/game/shaoyangbopi/updateZip/assets/full_debug.zip','1.0.0.0','1.0.0.0','1.0.0.0','1.0.0.0','/platform/production/game/icon/shaoyangbopi.png','game.shaoyangbopi.SubGameManager',1,0,'13',1,1536820250,1536820280,0,0,0),(2006,3,'临武字牌',2,6,'/client/game/linwuzipai/updateZip/assets/full_debug.zip','1.0.0.0','1.0.0.0','1.0.0.0','1.0.0.0','/client/icon/linwuzipai.png','game.linwuzipai.SubGameManager',1,0,'13',1,1537258464,0,0,0,0),(3001,3,'株洲碰胡',3,1,'/client/game/penghu/updateZip/assets/full_debug.zip','1.0.0.0','1.0.0.0','1.0.0.0','1.0.0.0','/client/icon/zhuzhoupenghu.png','game.penghu.SubGameManager',1,0,'12',1,1531988498,0,0,0,0),(6001,2,'拼十',6,1,'/client/game/douniu/updateZip/assets/full_debug.zip','1.0.0.25','1.0.0.7','1.0.0.1','1.0.0.25','client/icon/douniu_180.png','game.douniu.DouniuManager',1,0,'11',1,1522202632,1535543913,0,1,0),(6002,2,'郴州五小',6,2,'/client/game/czwxn/updateZip/assets/full_debug.zip','1.0.0.0','1.0.0.0','1.0.0.0','1.0.0.0','/client/icon/czwxn_180.png','game.czwxn.CzwxnManager',1,0,'11',1,1528359462,0,0,0,0),(8001,2,'三公',8,1,'aa','sas','saas','1.0.0.1','','/platform/internal_test/game/icon/game_item8.png','game.sangong.SangongManager',1,0,'11',0,1525920005,0,0,0,0),(11001,2,'跑的快',11,1,'/client/game/paodeikuai/updateZip/assets/full.zip','1.0.0.7','1.0.0.3','1.0.0.1','1.0.0.7','/client/icon/paodekuai_180.png','game.paodeikuai.PaoDeiKuaiManager',1,0,'15',1,1522498167,0,0,0,0),(13001,1,'长沙麻将',13,1,'aa.zip','1.0.0','1.0.1','1.0.0.1','1.0.0.0','/platform/internal_test/game/icon/game_item6.png','game.mjchangsha.MaJiangManager',1,0,'11',1,1530607372,0,0,0,0),(13002,1,'转转麻将',13,2,'aaa','1.0.0','1.0.1','1.0.0.1','','/platform/internal_test/game/icon/game_item7.png','game.mjzhuanzhuan.MaJiangManager',1,0,'13',1,1528774261,0,0,0,0),(13003,1,'宁乡麻将',13,3,'aaa','1.0.0','1.0.1','1.0.0.1','','/platform/internal_test/game/icon/game_item8.png','game.majiang.MaJiangManager',2,0,'11',0,1522141178,0,0,0,0),(13004,1,'红中麻将',13,4,'/client/game/mjhongzhong/updateZip/assets/full.zip','1.0.0','11','1.0.0.1','','/client/icon/mjhongzhong_180.png','game.mjhongzhong.MaJiangManager',1,0,'11',1,1523850460,0,0,0,0),(13005,1,'郴州红中',13,5,'aa.zip','1.0.0.0','1.0.0.0','1.0.0.0','1.0.0.0','/client/icon/chenzhou_icon_180.png','game.mjchunzhou.MaJiangManager',1,0,'13',1,1528890633,0,0,0,0),(13006,1,'长沙麻将',13,6,'MaJiangManager','1.0','11','1.0.0.1','','/platform/internal_test/game/icon/game_item8.png','game.majiang.MaJiangManager',1,0,'1',0,1518090860,0,1,0,0),(13007,1,'转转麻将',13,7,'MaJiangManager','1.02','11','1.0.0.1','','/platform/internal_test/game/icon/game_item5.png','game.majiang.MaJiangManager',1,0,'4',0,1524472262,0,1,0,0),(14001,1,'西北麻将',14,1,'/client/game/minqinhuashui/updateZip/assets/full_debug.zip','1.0.0','1.0.1','1.0.0.1','1.0.0.1','/client/icon/zhuanzhuan_180.png','game.minqinhuashui.SubGameManager',1,0,'13',1,1533547972,0,0,0,0);
/*!40000 ALTER TABLE `game_list` ENABLE KEYS */;
UNLOCK TABLES;

--
-- Table structure for table `game_notice`
--

DROP TABLE IF EXISTS `game_notice`;
/*!40101 SET @saved_cs_client     = @@character_set_client */;
/*!40101 SET character_set_client = utf8 */;
CREATE TABLE `game_notice` (
  `id` int(11) NOT NULL AUTO_INCREMENT COMMENT '子游戏大厅里游戏公告id',
  `game_id` int(11) NOT NULL DEFAULT '0' COMMENT '此公告绑定的游戏id,0-表示所有游戏',
  `title` varchar(50) NOT NULL DEFAULT '' COMMENT '游戏公告标题',
  `content` varchar(1024) NOT NULL DEFAULT '' COMMENT '公告内容',
  `notice_url` varchar(512) NOT NULL DEFAULT '' COMMENT '公告图片url',
  `detail_url` varchar(512) NOT NULL DEFAULT '' COMMENT '活动详情跳转url',
  `status` tinyint(4) NOT NULL DEFAULT '0' COMMENT '此公告的状态(0正常,1下架)',
  `publish_time` int(11) NOT NULL DEFAULT '0' COMMENT '公告发布时间',
  `expire_time` int(11) NOT NULL DEFAULT '0' COMMENT '过期时间',
  `modify_time` int(11) NOT NULL DEFAULT '0' COMMENT '最后修改时间',
  `create_time` int(11) NOT NULL DEFAULT '0' COMMENT '创建时间',
  PRIMARY KEY (`id`),
  KEY `game_id` (`game_id`),
  KEY `publish` (`publish_time`),
  KEY `expire` (`expire_time`),
  KEY `create` (`create_time`)
) ENGINE=InnoDB AUTO_INCREMENT=5 DEFAULT CHARSET=utf8 COMMENT='子游戏大厅里的游戏公告';
/*!40101 SET character_set_client = @saved_cs_client */;

--
-- Dumping data for table `game_notice`
--

LOCK TABLES `game_notice` WRITE;
/*!40000 ALTER TABLE `game_notice` DISABLE KEYS */;
INSERT INTO `game_notice` VALUES (1,0,'文明健康游戏','','platform/internal_test/notice/15236177181.jpg','http://1.xiaoshengqipai.applinzi.com/',0,1523454900,1525104000,1523707958,1523454909),(2,0,'文明健康游戏','','','http://47.106.85.18/notice/healthGame.html',0,1523884200,1577808000,1524038206,1523884340),(4,0,'所有游戏2','','','www.baidu.com',0,1524017411,1527387011,1524017682,1524017682);
/*!40000 ALTER TABLE `game_notice` ENABLE KEYS */;
UNLOCK TABLES;

--
-- Table structure for table `h5_card_price`
--

DROP TABLE IF EXISTS `h5_card_price`;
/*!40101 SET @saved_cs_client     = @@character_set_client */;
/*!40101 SET character_set_client = utf8 */;
CREATE TABLE `h5_card_price` (
  `id` int(11) NOT NULL AUTO_INCREMENT COMMENT '房卡列表id',
  `type` tinyint(4) NOT NULL DEFAULT '1' COMMENT '买房卡的用户类型,1-一级代理买房卡,2-二级代理买房卡,3-玩家买房卡,4-代理赠送房卡,5-合伙人买房卡',
  `num` int(11) NOT NULL DEFAULT '0' COMMENT '购买的房卡数量',
  `give_num` int(11) NOT NULL DEFAULT '0' COMMENT '购买时系统赠送的房卡数',
  PRIMARY KEY (`id`),
  KEY `type` (`type`),
  KEY `num` (`num`)
) ENGINE=InnoDB AUTO_INCREMENT=33 DEFAULT CHARSET=utf8 COMMENT='房卡定价列表,\r\n一级代理考核通过,进货价为一级的，\r\n考核不通过，则是为二级进货价\r\n\r\n二级代理不用考核，一直为二级进货价';
/*!40101 SET character_set_client = @saved_cs_client */;

--
-- Dumping data for table `h5_card_price`
--

LOCK TABLES `h5_card_price` WRITE;
/*!40000 ALTER TABLE `h5_card_price` DISABLE KEYS */;
INSERT INTO `h5_card_price` VALUES (1,1,20,0),(3,1,60,0),(6,2,500,6),(7,2,1000,7),(8,2,5000,8),(9,2,10000,9),(10,2,50000,10),(11,3,500,11),(12,3,1000,12),(13,3,5000,13),(14,3,10000,14),(15,3,50000,15),(16,4,100,0),(17,4,2000,0),(18,4,10,0),(19,4,20,0),(26,4,500,0),(27,4,50,0),(28,4,1000,0),(30,3,10000,11),(31,1,10,0),(32,1,50,0);
/*!40000 ALTER TABLE `h5_card_price` ENABLE KEYS */;
UNLOCK TABLES;

--
-- Table structure for table `h5_notice`
--

DROP TABLE IF EXISTS `h5_notice`;
/*!40101 SET @saved_cs_client     = @@character_set_client */;
/*!40101 SET character_set_client = utf8 */;
CREATE TABLE `h5_notice` (
  `id` int(11) NOT NULL AUTO_INCREMENT COMMENT 'h5公告',
  `title` varchar(50) NOT NULL DEFAULT '' COMMENT '标题',
  `content` varchar(4096) NOT NULL DEFAULT '' COMMENT '内容',
  `publish_time` int(11) NOT NULL DEFAULT '0' COMMENT '公告发布时间',
  `modify_time` int(11) NOT NULL DEFAULT '0' COMMENT '最后修改时间',
  `create_time` int(11) NOT NULL DEFAULT '0' COMMENT '创建时间',
  PRIMARY KEY (`id`),
  KEY `publish` (`publish_time`),
  KEY `create` (`create_time`),
  KEY `modify_time` (`modify_time`)
) ENGINE=InnoDB AUTO_INCREMENT=2 DEFAULT CHARSET=utf8 COMMENT='代理助手公告';
/*!40101 SET character_set_client = @saved_cs_client */;

--
-- Dumping data for table `h5_notice`
--

LOCK TABLES `h5_notice` WRITE;
/*!40000 ALTER TABLE `h5_notice` DISABLE KEYS */;
INSERT INTO `h5_notice` VALUES (1,'部分玩法收房卡运营公告','亲爱的代理商：\n     《小胜》游戏平台于近期上线多款玩法并进行免费公测，得到了广大玩家的认可，即日开始收房卡运营。\n      详情如下：\n     【收费时间】2018年4月4日9:18;\n     【房卡标准】\n      应城麻将:8局11张,16局22张;\n      沅江千分[四人]:1局12张；\n      广东惠州庄:8局7张,16局14张;\n      通辽麻将:8局8张,16局16张;\n      桂林柳麻:8局6张,16局12张;\n      乐平麻将：8局6张,16局12张；\n      通辽帕四:10局6张,20局8张,30局12张 .\n      感谢您的支持，祝您游戏愉快！\n              《小胜》运营中心\n               2018年4月11日',1523456400,1524019508,1523456521);
/*!40000 ALTER TABLE `h5_notice` ENABLE KEYS */;
UNLOCK TABLES;

--
-- Table structure for table `h5_rule`
--

DROP TABLE IF EXISTS `h5_rule`;
/*!40101 SET @saved_cs_client     = @@character_set_client */;
/*!40101 SET character_set_client = utf8 */;
CREATE TABLE `h5_rule` (
  `type` int(11) NOT NULL DEFAULT '0' COMMENT '5-一级收入:下级开店提成,6-一级收入:下级进货提成,7-一级收入:下级玩家直充提成,8-一级收入,本级玩家直充,9-二级收入,本级玩家直充,10-手续费2%,11-税费5%,12-最小提现金额,13-一级代理每个月消耗房卡数,14-代理名额,15-玩家绑定手机送房卡数',
  `name` varchar(16) NOT NULL DEFAULT '' COMMENT '类型对应的中文名',
  `amount` int(11) NOT NULL DEFAULT '0' COMMENT '提成的金额',
  `scale` smallint(4) NOT NULL DEFAULT '0' COMMENT '比例，前端展示要除以此比例',
  `unit` char(1) NOT NULL DEFAULT '' COMMENT '单位',
  PRIMARY KEY (`type`)
) ENGINE=InnoDB DEFAULT CHARSET=utf8 COMMENT='提成提现之类的规则表,  比例有万分比,百分比';
/*!40101 SET character_set_client = @saved_cs_client */;

--
-- Dumping data for table `h5_rule`
--

LOCK TABLES `h5_rule` WRITE;
/*!40000 ALTER TABLE `h5_rule` DISABLE KEYS */;
INSERT INTO `h5_rule` VALUES (1,'推广员进货价',7,100,'元'),(2,'代理进货价',10,100,'元'),(3,'玩家直充进货价',20,100,'元'),(4,'分店开通奖励',10000,100,'元'),(5,'提现手续费',700,100,'%'),(6,'提现税费',0,100,'%'),(7,'最小提现金额',5000,100,'元'),(8,'推广员每月消耗房卡量(考核)',180000,1,'张'),(9,'推广员名额',50,1,'个'),(10,'玩家绑定手机赠送房卡',400,1,'张'),(11,'玩家注册成功赠送房卡',2001,1,'张'),(12,'默认俱乐部开桌数',20,1,'张'),(13,'俱乐部成员上限',200,1,'个'),(14,'玩家注册成功赠送金币',50,1,'个'),(15,'玩家默认开通俱乐部个数',100,1,'个'),(16,'玩家创建包房钻石数最低要求',300,1,'颗'),(17,'代理名额单价',1200,100,'元'),(18,'分享APP奖励',6,1,'颗'),(19,'俱乐部创建楼层数',5,1,'个'),(20,'大区提成比例',100,100,'%');
/*!40000 ALTER TABLE `h5_rule` ENABLE KEYS */;
UNLOCK TABLES;

--
-- Table structure for table `h5_top_up`
--

DROP TABLE IF EXISTS `h5_top_up`;
/*!40101 SET @saved_cs_client     = @@character_set_client */;
/*!40101 SET character_set_client = utf8 */;
CREATE TABLE `h5_top_up` (
  `id` int(11) NOT NULL AUTO_INCREMENT COMMENT '代理第一次的金额及房卡',
  `amount` int(11) NOT NULL DEFAULT '0' COMMENT '第一次充值的金额,存储时乘以100,展示时除以100',
  `card_num` int(11) NOT NULL DEFAULT '0' COMMENT '第一次购买能获得的房卡数',
  `level` tinyint(4) NOT NULL DEFAULT '0' COMMENT '代理等级,1-一级,2-二级, 11-合伙人模式下的总代, 12-合伙人模式下的非总代',
  PRIMARY KEY (`id`)
) ENGINE=InnoDB AUTO_INCREMENT=13 DEFAULT CHARSET=utf8 COMMENT='代理成为正式代理的第一次充值的配置';
/*!40101 SET character_set_client = @saved_cs_client */;

--
-- Dumping data for table `h5_top_up`
--

LOCK TABLES `h5_top_up` WRITE;
/*!40000 ALTER TABLE `h5_top_up` DISABLE KEYS */;
INSERT INTO `h5_top_up` VALUES (1,500000,76923,1),(2,31900,5490,2),(3,100,10,11),(4,80,8,12);
/*!40000 ALTER TABLE `h5_top_up` ENABLE KEYS */;
UNLOCK TABLES;

--
-- Table structure for table `horse`
--

DROP TABLE IF EXISTS `horse`;
/*!40101 SET @saved_cs_client     = @@character_set_client */;
/*!40101 SET character_set_client = utf8 */;
CREATE TABLE `horse` (
  `id` int(11) NOT NULL AUTO_INCREMENT COMMENT '跑马灯的id',
  `type` tinyint(4) NOT NULL DEFAULT '1' COMMENT '跑马灯类型,1-游戏客户端, 2-代理助手',
  `content` varchar(512) NOT NULL DEFAULT '' COMMENT '跑马灯的内容',
  `publish_time` int(11) NOT NULL DEFAULT '0' COMMENT '发布时间',
  `expire_time` int(11) NOT NULL DEFAULT '0' COMMENT '过期时间',
  `modify_time` int(11) NOT NULL DEFAULT '0' COMMENT '修改时间',
  `create_time` int(11) NOT NULL DEFAULT '0' COMMENT '创建时间',
  PRIMARY KEY (`id`),
  KEY `type` (`type`),
  KEY `publish_expire` (`publish_time`,`expire_time`,`type`) USING BTREE
) ENGINE=InnoDB AUTO_INCREMENT=8 DEFAULT CHARSET=utf8 COMMENT='游戏客户端的及h5的跑马灯';
/*!40101 SET character_set_client = @saved_cs_client */;

--
-- Dumping data for table `horse`
--

LOCK TABLES `horse` WRITE;
/*!40000 ALTER TABLE `horse` DISABLE KEYS */;
INSERT INTO `horse` VALUES (2,2,'斗牛上线了，赶紧来玩',1523714700,1525104000,1524473622,1523714908),(3,2,'跑得快、斗牛将减少房卡消耗',1523877905,1546272005,1523878186,1523878186),(5,1,'你中奖了',1523865000,1524988200,1523952200,1523951560),(6,1,'这是跑马灯',1523865000,1527753008,1525852365,1523952227),(7,1,'ddddddddd',1524104427,1524104727,1524104689,1524104689);
/*!40000 ALTER TABLE `horse` ENABLE KEYS */;
UNLOCK TABLES;

--
-- Table structure for table `itemcfg`
--

DROP TABLE IF EXISTS `itemcfg`;
/*!40101 SET @saved_cs_client     = @@character_set_client */;
/*!40101 SET character_set_client = utf8 */;
CREATE TABLE `itemcfg` (
  `id` int(11) NOT NULL DEFAULT '0' COMMENT '物品ID',
  `name` varchar(20) NOT NULL DEFAULT '' COMMENT '道具名称',
  `used` tinyint(4) NOT NULL DEFAULT '0' COMMENT '能否使用',
  `script` varchar(40) NOT NULL DEFAULT '' COMMENT '脚本函数名',
  `icon` varchar(40) NOT NULL DEFAULT '' COMMENT '图标',
  `tips` varchar(128) NOT NULL DEFAULT '' COMMENT '道具说明',
  PRIMARY KEY (`id`)
) ENGINE=InnoDB DEFAULT CHARSET=utf8;
/*!40101 SET character_set_client = @saved_cs_client */;

--
-- Dumping data for table `itemcfg`
--

LOCK TABLES `itemcfg` WRITE;
/*!40000 ALTER TABLE `itemcfg` DISABLE KEYS */;
INSERT INTO `itemcfg` VALUES (1,'房卡',0,'','',''),(2,'金币',0,'','',''),(3,'保险箱金币',0,'','',''),(101,'房卡大包包',1,'101','101','情人节大礼包，使用获得88张房卡'),(102,'金币小包包',1,'102','102','新春金币大礼包，打开获得8888金币，');
/*!40000 ALTER TABLE `itemcfg` ENABLE KEYS */;
UNLOCK TABLES;

--
-- Table structure for table `mission`
--

DROP TABLE IF EXISTS `mission`;
/*!40101 SET @saved_cs_client     = @@character_set_client */;
/*!40101 SET character_set_client = utf8 */;
CREATE TABLE `mission` (
  `msid` int(10) NOT NULL AUTO_INCREMENT COMMENT '任务id',
  `type` int(5) NOT NULL COMMENT '动作类型',
  `status` tinyint(1) NOT NULL COMMENT '0正常1已禁用',
  `auto` tinyint(1) NOT NULL COMMENT '是否自动完成',
  `title` varchar(20) NOT NULL COMMENT '标题',
  `desc` text NOT NULL COMMENT '描述',
  `cate1` int(11) NOT NULL COMMENT '分类1',
  `cate2` int(11) NOT NULL COMMENT '分类2',
  `cate3` int(11) NOT NULL COMMENT '分类3',
  `cate4` int(11) NOT NULL COMMENT '分类4',
  `mtimes` int(11) NOT NULL COMMENT '达到次数',
  `straight` int(11) NOT NULL COMMENT '是否连续',
  `cycle` tinyint(1) NOT NULL DEFAULT '1' COMMENT '周期(1每日2每周3每月)',
  `cycletimes` int(5) NOT NULL DEFAULT '1' COMMENT '可完成次数',
  `icon` varchar(50) NOT NULL COMMENT '图标',
  PRIMARY KEY (`msid`)
) ENGINE=InnoDB AUTO_INCREMENT=5 DEFAULT CHARSET=utf8 ROW_FORMAT=COMPACT;
/*!40101 SET character_set_client = @saved_cs_client */;

--
-- Dumping data for table `mission`
--

LOCK TABLES `mission` WRITE;
/*!40000 ALTER TABLE `mission` DISABLE KEYS */;
INSERT INTO `mission` VALUES (1,101,1,0,'厚积薄发','游戏对局达到30局',1,0,0,0,30,0,1,1,'missionicon/mission1.png'),(2,102,1,0,'崭露头角','赢的局数达到30局',1,0,0,0,30,0,1,1,'missionicon/mission2.png'),(3,102,1,0,'势如破竹','今日地主胜利20局',1,0,0,0,20,0,1,1,'missionicon/mission3.png'),(4,102,1,0,'节节高升','连赢6局',1,0,0,0,6,1,1,1,'missionicon/mission4.png');
/*!40000 ALTER TABLE `mission` ENABLE KEYS */;
UNLOCK TABLES;

--
-- Table structure for table `missionaction`
--

DROP TABLE IF EXISTS `missionaction`;
/*!40101 SET @saved_cs_client     = @@character_set_client */;
/*!40101 SET character_set_client = utf8 */;
CREATE TABLE `missionaction` (
  `type` int(4) NOT NULL COMMENT '动作类型',
  `name` varchar(20) NOT NULL COMMENT '动作名称',
  PRIMARY KEY (`type`)
) ENGINE=InnoDB DEFAULT CHARSET=utf8 ROW_FORMAT=COMPACT;
/*!40101 SET character_set_client = @saved_cs_client */;

--
-- Dumping data for table `missionaction`
--

LOCK TABLES `missionaction` WRITE;
/*!40000 ALTER TABLE `missionaction` DISABLE KEYS */;
INSERT INTO `missionaction` VALUES (101,'游戏对局'),(102,'游戏胜');
/*!40000 ALTER TABLE `missionaction` ENABLE KEYS */;
UNLOCK TABLES;

--
-- Table structure for table `missionprize`
--

DROP TABLE IF EXISTS `missionprize`;
/*!40101 SET @saved_cs_client     = @@character_set_client */;
/*!40101 SET character_set_client = utf8 */;
CREATE TABLE `missionprize` (
  `msid` int(10) NOT NULL COMMENT '任务id',
  `poid` int(10) NOT NULL COMMENT '道具id',
  `qty` int(10) NOT NULL COMMENT '数量',
  PRIMARY KEY (`msid`,`poid`)
) ENGINE=InnoDB DEFAULT CHARSET=utf8 ROW_FORMAT=COMPACT;
/*!40101 SET character_set_client = @saved_cs_client */;

--
-- Dumping data for table `missionprize`
--

LOCK TABLES `missionprize` WRITE;
/*!40000 ALTER TABLE `missionprize` DISABLE KEYS */;
INSERT INTO `missionprize` VALUES (1,2,500),(2,2,100),(3,2,1000),(4,2,1000);
/*!40000 ALTER TABLE `missionprize` ENABLE KEYS */;
UNLOCK TABLES;

--
-- Table structure for table `other_conf`
--

DROP TABLE IF EXISTS `other_conf`;
/*!40101 SET @saved_cs_client     = @@character_set_client */;
/*!40101 SET character_set_client = utf8 */;
CREATE TABLE `other_conf` (
  `id` int(11) NOT NULL AUTO_INCREMENT,
  `type` tinyint(4) NOT NULL DEFAULT '0' COMMENT '类型 2-开屏广告,3-客服,4-合作(代理),5-合作(商务)',
  `name` varchar(32) NOT NULL DEFAULT '' COMMENT '名字',
  `value` varchar(512) NOT NULL DEFAULT '' COMMENT '对应的值',
  `url` varchar(256) NOT NULL DEFAULT '' COMMENT '对应的url',
  `create_time` int(11) NOT NULL DEFAULT '0' COMMENT '创建时间',
  PRIMARY KEY (`id`)
) ENGINE=InnoDB AUTO_INCREMENT=8 DEFAULT CHARSET=utf8 COMMENT='客户端其它一些零散的配置';
/*!40101 SET character_set_client = @saved_cs_client */;

--
-- Dumping data for table `other_conf`
--

LOCK TABLES `other_conf` WRITE;
/*!40000 ALTER TABLE `other_conf` DISABLE KEYS */;
INSERT INTO `other_conf` VALUES (1,4,'代理咨询','111111','',1521046212),(2,5,'商务咨询','654321','',1521046212),(3,3,'华华','ygh123456','platform/internal_test/customer_service/15228077631.jpg',1521046212),(4,3,'美美','ygh123456','platform/internal_test/customer_service/15228324481.png',1521046212),(5,3,'利利','wyl123456','platform/internal_test/customer_service/15236205841.jpg',1521046212),(6,3,'炮炮','ssf123456','',1521046212),(7,2,'开屏广告标题','','',1521046212);
/*!40000 ALTER TABLE `other_conf` ENABLE KEYS */;
UNLOCK TABLES;

--
-- Table structure for table `pay_type`
--

DROP TABLE IF EXISTS `pay_type`;
/*!40101 SET @saved_cs_client     = @@character_set_client */;
/*!40101 SET character_set_client = utf8 */;
CREATE TABLE `pay_type` (
  `id` int(11) NOT NULL AUTO_INCREMENT COMMENT '支付方式自增id',
  `pay_type` tinyint(4) NOT NULL DEFAULT '0' COMMENT '支付平台，1-爱贝,2-贝付宝',
  `platform_type` tinyint(4) NOT NULL DEFAULT '0' COMMENT '平台类型,1-pc后台管理系统,2-代理助手系统,3-游戏客户端系统',
  `percent` tinyint(4) NOT NULL DEFAULT '0' COMMENT '百分比, 取值0-100,注意总和是100%，不要超过100%',
  `remark` varchar(32) NOT NULL DEFAULT '' COMMENT '备注',
  PRIMARY KEY (`id`),
  KEY `pay_type` (`pay_type`),
  KEY `type` (`platform_type`)
) ENGINE=InnoDB AUTO_INCREMENT=5 DEFAULT CHARSET=utf8 COMMENT='控制客户端及H5端支付方式/支付比例。';
/*!40101 SET character_set_client = @saved_cs_client */;

--
-- Dumping data for table `pay_type`
--

LOCK TABLES `pay_type` WRITE;
/*!40000 ALTER TABLE `pay_type` DISABLE KEYS */;
INSERT INTO `pay_type` VALUES (1,1,2,90,''),(2,2,2,10,''),(3,1,3,20,'爱贝支付'),(4,2,3,80,'贝付宝支付');
/*!40000 ALTER TABLE `pay_type` ENABLE KEYS */;
UNLOCK TABLES;

--
-- Table structure for table `platform`
--

DROP TABLE IF EXISTS `platform`;
/*!40101 SET @saved_cs_client     = @@character_set_client */;
/*!40101 SET character_set_client = utf8 */;
CREATE TABLE `platform` (
  `id` int(11) NOT NULL AUTO_INCREMENT COMMENT '平台服自增id',
  `uuid` varchar(64) NOT NULL DEFAULT '' COMMENT '设置uuid',
  `name` varchar(32) NOT NULL DEFAULT '' COMMENT '服务器名字',
  `type` tinyint(4) NOT NULL DEFAULT '1' COMMENT '服务器类型,1-pc后台管理系统,2-代理助手系统,3-游戏客户端系统',
  `ip` varchar(128) NOT NULL DEFAULT '' COMMENT 'nginx监听的ip(对外展示的ip)',
  `http_port` smallint(6) NOT NULL DEFAULT '0' COMMENT 'nginx监听的端口(对外展示的端口)',
  `admin_port` smallint(6) NOT NULL DEFAULT '0' COMMENT '监控端口',
  `status` tinyint(4) NOT NULL DEFAULT '1' COMMENT '服务器状态, 1-正常,2-停服,3-异常',
  `execute_task` tinyint(4) NOT NULL DEFAULT '0' COMMENT '是否执行定时任务,0-没有，1-执行',
  `create_time` int(11) NOT NULL DEFAULT '0' COMMENT '创建时间',
  `modify_time` int(11) NOT NULL DEFAULT '0' COMMENT '修改时间',
  `restart_count` smallint(6) NOT NULL DEFAULT '0' COMMENT '重启次数',
  `start_time` int(11) NOT NULL DEFAULT '0' COMMENT '进程启动时间',
  `report_time` int(11) NOT NULL DEFAULT '0' COMMENT '上报时间',
  `load` int(11) NOT NULL DEFAULT '0' COMMENT '每2分钟访问次数(负载)',
  PRIMARY KEY (`id`)
) ENGINE=InnoDB AUTO_INCREMENT=5 DEFAULT CHARSET=utf8 COMMENT='平台服配置';
/*!40101 SET character_set_client = @saved_cs_client */;

--
-- Dumping data for table `platform`
--

LOCK TABLES `platform` WRITE;
/*!40000 ALTER TABLE `platform` DISABLE KEYS */;
INSERT INTO `platform` VALUES (1,'','客户端服务器',3,'192.168.0.201',8080,9090,1,0,1526730160,1533109543,0,1538987513,1539066360,0),(2,'','代理助手系统',2,'192.168.0.201',8081,9091,1,0,1526730167,1533109554,0,1538987513,1539066360,0),(3,'','后台管理系统',1,'192.168.0.201',8082,9092,1,1,1526730167,1533109564,0,1538987513,1539066360,0),(4,'','测试',1,'192.168.0.88',8080,9090,1,1,1534488569,1534489573,0,1538987513,1537236360,0);
/*!40000 ALTER TABLE `platform` ENABLE KEYS */;
UNLOCK TABLES;

--
-- Table structure for table `roomcardcfg`
--

DROP TABLE IF EXISTS `roomcardcfg`;
/*!40101 SET @saved_cs_client     = @@character_set_client */;
/*!40101 SET character_set_client = utf8 */;
CREATE TABLE `roomcardcfg` (
  `id` int(11) NOT NULL AUTO_INCREMENT,
  `game_id` smallint(6) NOT NULL DEFAULT '0' COMMENT '游戏id',
  `game_type` int(11) NOT NULL DEFAULT '0' COMMENT '游戏类型',
  `play_type` int(11) NOT NULL DEFAULT '0' COMMENT '玩法',
  `idx` tinyint(4) NOT NULL DEFAULT '0' COMMENT '序号,1,2,3',
  `round` int(11) NOT NULL DEFAULT '1' COMMENT '局数',
  `card` int(11) NOT NULL DEFAULT '0' COMMENT '房卡数量',
  `card_aa` int(11) NOT NULL DEFAULT '0' COMMENT 'AA支付',
  `remark` varchar(128) NOT NULL DEFAULT '' COMMENT '备注',
  PRIMARY KEY (`id`),
  KEY `gameid` (`game_id`) USING BTREE
) ENGINE=InnoDB AUTO_INCREMENT=120 DEFAULT CHARSET=utf8 COMMENT='房卡收费配置';
/*!40101 SET character_set_client = @saved_cs_client */;

--
-- Dumping data for table `roomcardcfg`
--

LOCK TABLES `roomcardcfg` WRITE;
/*!40000 ALTER TABLE `roomcardcfg` DISABLE KEYS */;
INSERT INTO `roomcardcfg` VALUES (37,13004,13,4,1,8,1,-1,''),(47,13006,13,6,1,8,1,0,''),(48,13006,13,6,2,16,2,1,''),(49,13004,13,4,2,16,2,-1,''),(50,13001,13,1,1,8,1,0,''),(51,13001,13,1,2,16,2,0,''),(52,13002,13,2,1,8,1,-1,''),(53,13002,13,2,2,16,2,-1,''),(54,13003,13,3,1,8,1,0,''),(55,13003,13,3,2,16,2,0,''),(56,2001,2,1,1,2,5,-1,''),(57,2001,2,1,2,16,10,-1,''),(58,8001,8,1,1,6,1,-1,''),(59,8001,8,1,2,12,2,-1,''),(62,6001,6,1,1,5,1,-1,''),(63,6001,6,1,2,10,2,-1,''),(64,11001,11,1,1,8,5,-1,''),(65,11001,11,1,2,16,10,-1,''),(93,13007,13,7,1,10,1,-1,''),(94,13007,13,7,2,20,2,-1,''),(95,6001,6,1,3,15,3,-1,''),(96,1001,1,1,1,2,5,-1,''),(97,1001,1,1,2,16,10,-1,''),(98,2001,2,1,3,24,20,-1,''),(99,1001,1,1,3,24,20,-1,''),(101,6002,6,2,1,5,1,-1,''),(102,6002,6,2,2,10,2,-1,''),(103,6002,6,2,3,15,3,-1,''),(104,13005,13,5,1,5,2,-1,''),(105,13005,13,5,2,10,4,-1,''),(106,13005,13,5,3,15,6,-1,''),(107,2002,2,2,1,2,1,-1,''),(108,2002,2,2,2,4,2,-1,''),(109,2002,2,2,3,6,3,-1,''),(110,3001,3,1,1,2,1,1,''),(111,3001,3,1,2,6,1,1,''),(112,3001,3,1,3,11,1,1,''),(113,14001,14,1,1,2,1,1,''),(114,14001,14,1,2,3,1,1,''),(115,14001,14,1,3,4,1,1,''),(116,2004,2,4,1,200,1,-1,''),(117,2006,2,6,1,2,1,-1,''),(118,2006,2,6,2,4,1,-1,''),(119,2006,2,6,3,6,1,-1,'');
/*!40000 ALTER TABLE `roomcardcfg` ENABLE KEYS */;
UNLOCK TABLES;

--
-- Table structure for table `roomcfg`
--

DROP TABLE IF EXISTS `roomcfg`;
/*!40101 SET @saved_cs_client     = @@character_set_client */;
/*!40101 SET character_set_client = utf8 */;
CREATE TABLE `roomcfg` (
  `id` int(11) NOT NULL AUTO_INCREMENT COMMENT '序号',
  `gametype` tinyint(2) NOT NULL COMMENT '1斗地主,2梭哈',
  `gamesubtype` int(11) NOT NULL COMMENT '游戏类型',
  `roomid` int(11) NOT NULL COMMENT '房间ID',
  `name` varchar(32) NOT NULL COMMENT '房间名',
  `consume` int(11) NOT NULL DEFAULT '1' COMMENT '消费类型(1积分，2财富币)',
  `entermin` bigint(20) NOT NULL COMMENT '进入门槛',
  `entermax` bigint(20) NOT NULL COMMENT '进入限制',
  `isopen` int(11) NOT NULL COMMENT '是否开放',
  `basescore` int(11) NOT NULL COMMENT '底分',
  `roomtype` int(11) NOT NULL COMMENT '房间类型(0普通房1私人房2比赛房)',
  `tablenum` int(11) NOT NULL DEFAULT '100' COMMENT '桌子数',
  `marry` int(11) NOT NULL DEFAULT '1' COMMENT '匹配方式(0不匹配，1自动匹配）',
  `limitenter` int(11) NOT NULL DEFAULT '1' COMMENT '限制进入',
  `showonline` int(11) NOT NULL DEFAULT '0' COMMENT '显示在线倍数',
  `sitdown` int(11) NOT NULL DEFAULT '0' COMMENT '坐下携带',
  `feetype` int(11) NOT NULL DEFAULT '0' COMMENT '台费类型',
  `fee` int(11) NOT NULL DEFAULT '0' COMMENT '台费值',
  `seatnum` int(11) NOT NULL DEFAULT '0' COMMENT '座位数',
  `showtype` int(11) NOT NULL DEFAULT '0' COMMENT '显示类型',
  `showpic` int(11) NOT NULL DEFAULT '1' COMMENT '显示图片',
  PRIMARY KEY (`id`)
) ENGINE=InnoDB DEFAULT CHARSET=utf8 ROW_FORMAT=COMPACT;
/*!40101 SET character_set_client = @saved_cs_client */;

--
-- Dumping data for table `roomcfg`
--

LOCK TABLES `roomcfg` WRITE;
/*!40000 ALTER TABLE `roomcfg` DISABLE KEYS */;
/*!40000 ALTER TABLE `roomcfg` ENABLE KEYS */;
UNLOCK TABLES;

--
-- Table structure for table `serverinfo`
--

DROP TABLE IF EXISTS `serverinfo`;
/*!40101 SET @saved_cs_client     = @@character_set_client */;
/*!40101 SET character_set_client = utf8 */;
CREATE TABLE `serverinfo` (
  `svrid` int(10) unsigned NOT NULL DEFAULT '0' COMMENT '服务器ID',
  `name` varchar(128) NOT NULL DEFAULT '' COMMENT '服务器名字',
  `group` int(10) NOT NULL DEFAULT '0' COMMENT '服务器组',
  `svr_type` int(10) unsigned NOT NULL DEFAULT '0' COMMENT '服务器类型(1大厅，2游戏服)',
  `game_type` int(10) NOT NULL DEFAULT '0' COMMENT '游戏类型(1斗地主2梭哈3斗牛)',
  `game_subtype` int(10) NOT NULL DEFAULT '1' COMMENT '1普通，2比赛，3组局',
  `play_types` varchar(256) NOT NULL DEFAULT '' COMMENT '开启玩法(默认全部开启)',
  `svrip` varchar(128) NOT NULL DEFAULT '' COMMENT '服务器IP',
  `svrlanip` varchar(128) NOT NULL DEFAULT '0' COMMENT '内网ip',
  `svrport` int(10) unsigned NOT NULL DEFAULT '0' COMMENT '服务器端口',
  `svrlanport` int(10) NOT NULL DEFAULT '0' COMMENT '服务器对服务器端口',
  `phpport` int(10) NOT NULL DEFAULT '0' COMMENT 'web连接端口',
  `repair_state` tinyint(4) NOT NULL DEFAULT '0' COMMENT '维护状态1，正常状态0',
  `state` int(10) unsigned NOT NULL DEFAULT '1' COMMENT '服务器状态,1-正常，0-异常',
  `onlines` int(10) unsigned NOT NULL DEFAULT '0' COMMENT '在线人数',
  `report_time` int(11) NOT NULL DEFAULT '0' COMMENT '上报时间',
  `start_count` smallint(6) DEFAULT '0' COMMENT '启动次数',
  `start_time` int(11) DEFAULT '0' COMMENT '启动时间',
  PRIMARY KEY (`svrid`),
  KEY `group` (`group`) USING BTREE,
  KEY `svr_type` (`svr_type`) USING BTREE
) ENGINE=InnoDB DEFAULT CHARSET=utf8 ROW_FORMAT=COMPACT COMMENT='大厅游戏服配置';
/*!40101 SET character_set_client = @saved_cs_client */;

--
-- Dumping data for table `serverinfo`
--

LOCK TABLES `serverinfo` WRITE;
/*!40000 ALTER TABLE `serverinfo` DISABLE KEYS */;
INSERT INTO `serverinfo` VALUES (1,'大厅服务器1',1,1,0,0,'','192.168.0.201','127.0.0.1',8999,8998,8997,0,1,0,1539066378,1,1539065153),(2,'大厅服务器2',1,1,0,0,'','192.168.0.201','127.0.0.1',8989,8988,8987,0,1,0,1539066378,1,1539065153),(13,'斗地主开房',1,2,1,3,'','','',0,0,0,0,1,0,1539066373,1,1539065148),(23,'跑胡子开房',1,2,2,3,'','','',0,0,0,0,1,0,1539066364,1,1539051999),(33,'跑胡子-碰胡',1,2,3,3,'','','',0,0,0,0,1,0,1539066383,1,1537518777),(63,'牛牛开房',1,2,6,3,'','','',0,0,0,0,1,0,1539066373,1,1539065148),(73,'翻三皮',1,2,7,3,'','','0',0,0,0,0,1,0,1539066373,1,1539065148),(83,'三公开房',1,2,8,3,'','','',0,0,0,0,1,0,1539066373,1,1539065148),(103,'十三水',1,2,10,3,'','','',0,0,0,0,1,0,1539066374,1,1539065148),(113,'跑得快开房',1,2,11,3,'','','',0,0,0,0,1,0,1539066373,1,1539065148),(133,'麻将开房',1,2,13,3,'','','',0,0,0,0,1,0,1539066374,1,1539065148),(143,'西北麻将',1,2,14,3,'','','',0,0,0,0,1,0,1539066369,1,1537518783),(8888,'中心服1',1,3,0,0,'','192.168.0.201','127.0.0.1',8888,0,0,0,1,0,1539066372,1,1539065152),(9999,'中心服2',2,3,0,0,'','192.168.0.201','127.0.0.1',9999,0,0,0,1,0,1539065181,1,1535445801),(10001,'大厅服务器21',2,1,0,0,'','192.168.0.201','',7999,7998,7997,1,1,0,1536301216,1,1535445810),(10002,'大厅服务器22',2,1,0,0,'','192.168.0.201','',7989,7988,7987,1,1,0,1536301216,1,1535445811),(10013,'斗地主开房2',2,2,1,3,'','','',0,0,0,1,1,0,1536301211,1,1535445806),(10023,'跑胡子开房2',2,2,2,3,'','','',0,0,0,1,1,0,1536301211,1,1535445806),(10033,'跑胡子-碰胡2',2,2,3,3,'','','',0,0,0,0,1,0,0,0,0),(10063,'牛牛开房2',2,2,6,3,'','','',0,0,0,1,1,0,1536301211,1,1535445806),(10083,'三公开房2',2,2,8,3,'','','',0,0,0,1,1,0,1536301211,1,1535445806),(10103,'十三水2',2,2,10,3,'','','',0,0,0,1,1,0,1536301211,1,1535445806),(10113,'跑得快开房2',2,2,11,3,'','','',0,0,0,1,1,0,1536301211,1,1535445806),(10133,'麻将开房2',2,2,13,3,'','','',0,0,0,1,1,0,1536301211,1,1535445806);
/*!40000 ALTER TABLE `serverinfo` ENABLE KEYS */;
UNLOCK TABLES;

--
-- Table structure for table `store`
--

DROP TABLE IF EXISTS `store`;
/*!40101 SET @saved_cs_client     = @@character_set_client */;
/*!40101 SET character_set_client = utf8 */;
CREATE TABLE `store` (
  `id` int(11) NOT NULL AUTO_INCREMENT COMMENT '商城商品自增id',
  `product_id` int(11) NOT NULL DEFAULT '0' COMMENT '对应苹果服务器配置的商品id',
  `num` int(11) NOT NULL DEFAULT '0' COMMENT '购买的数量',
  `amount` int(11) NOT NULL DEFAULT '0' COMMENT '价格,存储时要X100， 展示时要除以100',
  `status` tinyint(4) NOT NULL DEFAULT '0' COMMENT '0-正常的价格，1-是特惠',
  PRIMARY KEY (`id`),
  KEY `num` (`num`)
) ENGINE=InnoDB AUTO_INCREMENT=8 DEFAULT CHARSET=utf8 COMMENT='商城商品配置';
/*!40101 SET character_set_client = @saved_cs_client */;

--
-- Dumping data for table `store`
--

LOCK TABLES `store` WRITE;
/*!40000 ALTER TABLE `store` DISABLE KEYS */;
INSERT INTO `store` VALUES (1,1,10,600,0),(3,2,100,5000,1),(4,3,200,12000,0),(5,4,500,30000,0),(6,5,1000,60000,0),(7,6,2000,120000,0);
/*!40000 ALTER TABLE `store` ENABLE KEYS */;
UNLOCK TABLES;

--
-- Table structure for table `sysconfig`
--

DROP TABLE IF EXISTS `sysconfig`;
/*!40101 SET @saved_cs_client     = @@character_set_client */;
/*!40101 SET character_set_client = utf8 */;
CREATE TABLE `sysconfig` (
  `id` int(11) NOT NULL AUTO_INCREMENT COMMENT '自增id',
  `sckey` varchar(20) NOT NULL COMMENT 'key',
  `value` text NOT NULL COMMENT '值',
  `mean` varchar(128) NOT NULL DEFAULT '' COMMENT '意义',
  `value_type` varchar(20) NOT NULL DEFAULT '' COMMENT 'string,int,json,json[]',
  `modify_time` int(11) NOT NULL DEFAULT '0' COMMENT '修改时间',
  `create_time` int(11) NOT NULL DEFAULT '0' COMMENT '创建时间',
  PRIMARY KEY (`id`),
  KEY `key` (`sckey`)
) ENGINE=InnoDB AUTO_INCREMENT=18 DEFAULT CHARSET=utf8 ROW_FORMAT=COMPACT COMMENT='系统配置';
/*!40101 SET character_set_client = @saved_cs_client */;

--
-- Dumping data for table `sysconfig`
--

LOCK TABLES `sysconfig` WRITE;
/*!40000 ALTER TABLE `sysconfig` DISABLE KEYS */;
INSERT INTO `sysconfig` VALUES (1,'opencfgcard','[23,33,63,133,143,113]','开启配牌','json[]',1533608023,0),(2,'rediscfg','[{\"ip\":\"192.168.0.201\",\"port\":13000,\"passwd\":\"e2345\",\"role\":0}]','redis配置信息','json[]',1526299551,0),(3,'email','{\"email_user\":\"dghpgyss@163.com\",\"email_password\":\"password\"}','发送邮件的发送人的邮箱配置','json',0,0),(4,'access_limit','{\"frequency\": 5000, \"expire_time\": 300}','访问限速','json',1525866789,0),(5,'email_expire','15','客户端邮件过期天数','int',1525315747,0),(6,'sms','{\"access_key_id_sms\":\"LTAIK0I8v0Uo9Fku\",\"access_key_secret_sms\":\"1aLA2mPkjwvIVVRpUFnyI8MuD7CSpZ\",\"sms_sign_name\":\"小胜验证码\",\"sms_code\":\"SMS_129975046\"}','短信验证码配置','json',0,0),(7,'oss_key','{\"access_key_id_oss\":\"LTAIK0I8v0Uo9Fku\",\"access_key_secret_oss\":\"1aLA2mPkjwvIVVRpUFnyI8MuD7CSpZ\"}','OSS密钥','json',0,0),(8,'oss_conf','{\"oss_url_root\":\"oss-cn-shenzhen.aliyuncs.com\",\"oss_bucket_name\":\"xshu\",\"oss_role_acs\":\"acs:ram::1695397894788307:role/chess\",\"oss_region\":\"oss-cn-shenzhen\"}','OSS地址配置','json',1526699091,0),(9,'secret','{\"token_key\":\"opensesame123456\",\"token_expire\":86400,\"h5_token_cache_expire\":1200,\"client_token_cache_expire\":86400,\"pc_token_cache_expire\":86400,\"md5_key\":\"@!$#@&#%$#@$#&*()\",\"tcp_key\":\"chess008800ssehc\"}','密钥设置','json',1524822930,0),(11,'qr_code_url','{\"name_url\":\"http://web.xshuqipai.com/H5/authorize.html\",\"shop_url\":\"http://web.xshuqipai.com/H5/shopAuthorize.html\",\"login_url\":\"http://web.xshuqipai.com/H5/agentPromotion.html\"}','代理店铺及个人二维码url','json',1534298822,1524657049),(12,'agent_check','0','代理考核功能是否开启(0-不开启,1-开启)','int',1525771720,1525771720),(13,'domain','[\"http://apptest.xshuqipai.com\",\"http://apptest.xshuqipai.com\"]','平台服务器域名(支付回调地址)','json[]',1526095549,1525953509),(14,'whitelist','[\"127.0.0.1\",\"192.168.0.201\",\"192.168.0.88\"]','服务器IP白名单','json[]',1533383483,0),(15,'oss_domain','http://down.xshuqipai.com','OSS的下载的域名','string',1527857030,1526697303),(16,'client_version','{\"android\": \"4.0.0.54\",\"ios\": \"5.0.0.54\"}','客户端版本信息','json',1533203416,1531979695),(17,'mgo','{\"ip\":\"192.168.0.201\",\"port\":27017}','mongodb配置','json',1533721614,1533719385);
/*!40000 ALTER TABLE `sysconfig` ENABLE KEYS */;
UNLOCK TABLES;
/*!40103 SET TIME_ZONE=@OLD_TIME_ZONE */;

/*!40101 SET SQL_MODE=@OLD_SQL_MODE */;
/*!40014 SET FOREIGN_KEY_CHECKS=@OLD_FOREIGN_KEY_CHECKS */;
/*!40014 SET UNIQUE_CHECKS=@OLD_UNIQUE_CHECKS */;
/*!40101 SET CHARACTER_SET_CLIENT=@OLD_CHARACTER_SET_CLIENT */;
/*!40101 SET CHARACTER_SET_RESULTS=@OLD_CHARACTER_SET_RESULTS */;
/*!40101 SET COLLATION_CONNECTION=@OLD_COLLATION_CONNECTION */;
/*!40111 SET SQL_NOTES=@OLD_SQL_NOTES */;

-- Dump completed on 2018-10-09 14:26:23
